"Origin Movement ID","Origin Display Name","Destination Movement ID","Destination Display Name","Baseline Date Range","Baseline Mean Travel Time (Seconds)","Baseline Range - Lower Bound Travel Time (Seconds)","Baseline Range - Upper Bound Travel Time (Seconds)","Comparison Date Range","Comparison Mean Travel Time (Seconds)","Comparison Range - Lower Bound Travel Time (Seconds)","Comparison Range - Upper Bound Travel Time (Seconds)"
"1277","300 Hayes Street, Civic Center, San Francisco","9","500 Hyde Street, Tenderloin, San Francisco","3/22/2020 - 3/29/2020, Every day, Daily Average",260,168,400,"3/1/2020 - 3/8/2020, Every day, Daily Average",342,222,525
"1277","300 Hayes Street, Civic Center, San Francisco","20","900 Sutter Street, Lower Nob Hill, San Francisco","3/22/2020 - 3/29/2020, Every day, Daily Average",221,147,331,"3/1/2020 - 3/8/2020, Every day, Daily Average",315,194,509
"1277","300 Hayes Street, Civic Center, San Francisco","21","3400 Pierce Street, Marina District, San Francisco","3/22/2020 - 3/29/2020, Every day, Daily Average",444,380,518,"3/1/2020 - 3/8/2020, Every day, Daily Average",623,458,845
"1277","300 Hayes Street, Civic Center, San Francisco","44","1700 Egbert Avenue, Bayview, San Francisco","3/22/2020 - 3/29/2020, Every day, Daily Average",576,460,720,"3/1/2020 - 3/8/2020, Every day, Daily Average",861,596,1243
"1277","300 Hayes Street, Civic Center, San Francisco","46","500 Chester Street, West Oakland, Oakland","3/22/2020 - 3/29/2020, Every day, Daily Average",820,654,1027,"3/1/2020 - 3/8/2020, Every day, Daily Average",995,729,1356
"1277","300 Hayes Street, Civic Center, San Francisco","57","1700 Bayo Vista Avenue, San Pablo","3/22/2020 - 3/29/2020, Every day, Daily Average",1155,615,2167,"3/1/2020 - 3/8/2020, Every day, Daily Average",1635,1177,2270
"1277","300 Hayes Street, Civic Center, San Francisco","58","5600 Genoa Street, Santa Fe, Oakland","3/22/2020 - 3/29/2020, Every day, Daily Average",861,787,941,"3/1/2020 - 3/8/2020, Every day, Daily Average",1433,982,2089
"1277","300 Hayes Street, Civic Center, San Francisco","78","1400 Thomas Avenue, Bayview, San Francisco","3/22/2020 - 3/29/2020, Every day, Daily Average",761,561,1030,"3/1/2020 - 3/8/2020, Every day, Daily Average",1016,716,1441
"1277","300 Hayes Street, Civic Center, San Francisco","79","1500 California Street, Polk Gulch, San Francisco","3/22/2020 - 3/29/2020, Every day, Daily Average",267,176,402,"3/1/2020 - 3/8/2020, Every day, Daily Average",360,226,571
"1277","300 Hayes Street, Civic Center, San Francisco","80","0 Farren Street, Western Addition, San Francisco","3/22/2020 - 3/29/2020, Every day, Daily Average",276,202,375,"3/1/2020 - 3/8/2020, Every day, Daily Average",353,247,503
"1277","300 Hayes Street, Civic Center, San Francisco","81","0 Berkeley Way, Diamond Heights, San Francisco","3/22/2020 - 3/29/2020, Every day, Daily Average",715,631,809,"3/1/2020 - 3/8/2020, Every day, Daily Average",961,762,1211
"1277","300 Hayes Street, Civic Center, San Francisco","82","2700 25th Street, Mission District, San Francisco","3/22/2020 - 3/29/2020, Every day, Daily Average",290,222,378,"3/1/2020 - 3/8/2020, Every day, Daily Average",418,284,614
"1277","300 Hayes Street, Civic Center, San Francisco","87","2200 Wyandotte Street, Mountain View","3/22/2020 - 3/29/2020, Every day, Daily Average",1960,1805,2127,"3/1/2020 - 3/8/2020, Every day, Daily Average",2438,1927,3083
"1277","300 Hayes Street, Civic Center, San Francisco","90","300 Heathcliff Drive, Westview, Pacifica","3/22/2020 - 3/29/2020, Every day, Daily Average",933,810,1073,"3/1/2020 - 3/8/2020, Every day, Daily Average",1287,982,1686
"1277","300 Hayes Street, Civic Center, San Francisco","91","700 Industrial Road, San Carlos","3/22/2020 - 3/29/2020, Every day, Daily Average",1439,1268,1632,"3/1/2020 - 3/8/2020, Every day, Daily Average",1797,1398,2309
"1277","300 Hayes Street, Civic Center, San Francisco","96","2200 Bonar Street, Poets Corner, Berkeley","3/22/2020 - 3/29/2020, Every day, Daily Average",1004,871,1156,"3/1/2020 - 3/8/2020, Every day, Daily Average",1331,1027,1723
"1277","300 Hayes Street, Civic Center, San Francisco","98","500 10th Street, Downtown Oakland, Oakland","3/22/2020 - 3/29/2020, Every day, Daily Average",862,701,1058,"3/1/2020 - 3/8/2020, Every day, Daily Average",1082,782,1495
"1277","300 Hayes Street, Civic Center, San Francisco","102","500 Mount Street, East Richmond, Richmond","3/22/2020 - 3/29/2020, Every day, Daily Average",1084,629,1867,"3/1/2020 - 3/8/2020, Every day, Daily Average",1545,1098,2172
"1277","300 Hayes Street, Civic Center, San Francisco","113","1200 Hayes Street, Western Addition, San Francisco","3/22/2020 - 3/29/2020, Every day, Daily Average",132,92,188,"3/1/2020 - 3/8/2020, Every day, Daily Average",194,124,302
"1277","300 Hayes Street, Civic Center, San Francisco","117","100 Edgemar Street, Crocker, Daly City","3/22/2020 - 3/29/2020, Every day, Daily Average",865,722,1035,"3/1/2020 - 3/8/2020, Every day, Daily Average",1177,917,1510
"1277","300 Hayes Street, Civic Center, San Francisco","151","500 20th Street, Downtown Oakland, Oakland","3/22/2020 - 3/29/2020, Every day, Daily Average",954,842,1080,"3/1/2020 - 3/8/2020, Every day, Daily Average",1190,934,1515
"1277","300 Hayes Street, Civic Center, San Francisco","155","400 North Mary Avenue, Sunnyvale West, Sunnyvale","3/22/2020 - 3/29/2020, Every day, Daily Average",2223,2033,2429,"3/1/2020 - 3/8/2020, Every day, Daily Average",2844,2209,3660
"1277","300 Hayes Street, Civic Center, San Francisco","165","2200 Franklin Street, Pacific Heights, San Francisco","3/22/2020 - 3/29/2020, Every day, Daily Average",201,153,262,"3/1/2020 - 3/8/2020, Every day, Daily Average",293,198,433
"1277","300 Hayes Street, Civic Center, San Francisco","181","3400 Richmond Boulevard, Oakland Ave - Harrison St, Oakland","3/22/2020 - 3/29/2020, Every day, Daily Average",824,703,964,"3/1/2020 - 3/8/2020, Every day, Daily Average",1128,815,1560
"1277","300 Hayes Street, Civic Center, San Francisco","186","1800 Vicente Street, Sunset District, San Francisco","3/22/2020 - 3/29/2020, Every day, Daily Average",1058,851,1315,"3/1/2020 - 3/8/2020, Every day, Daily Average",1276,992,1641
"1277","300 Hayes Street, Civic Center, San Francisco","206","1300 15th Street, Mission District, San Francisco","3/22/2020 - 3/29/2020, Every day, Daily Average",191,126,287,"3/1/2020 - 3/8/2020, Every day, Daily Average",283,179,446
"1277","300 Hayes Street, Civic Center, San Francisco","207","1100 Guerrero Street, Mission District, San Francisco","3/22/2020 - 3/29/2020, Every day, Daily Average",484,367,637,"3/1/2020 - 3/8/2020, Every day, Daily Average",633,481,832
"1277","300 Hayes Street, Civic Center, San Francisco","208","600 Alabama Street, Mission District, San Francisco","3/22/2020 - 3/29/2020, Every day, Daily Average",359,266,484,"3/1/2020 - 3/8/2020, Every day, Daily Average",467,341,638
"1277","300 Hayes Street, Civic Center, San Francisco","209","300 Wilde Avenue, Visitacion Valley, San Francisco","3/22/2020 - 3/29/2020, Every day, Daily Average",453,350,585,"3/1/2020 - 3/8/2020, Every day, Daily Average",585,419,815
"1277","300 Hayes Street, Civic Center, San Francisco","210","100 Ramsell Street, Oceanview, San Francisco","3/22/2020 - 3/29/2020, Every day, Daily Average",633,500,801,"3/1/2020 - 3/8/2020, Every day, Daily Average",868,621,1213
"1277","300 Hayes Street, Civic Center, San Francisco","211","200 16th Avenue, Richmond District, San Francisco","3/22/2020 - 3/29/2020, Every day, Daily Average",710,479,1051,"3/1/2020 - 3/8/2020, Every day, Daily Average",885,669,1170
"1277","300 Hayes Street, Civic Center, San Francisco","212","500 Washington Street, Financial District, San Francisco","3/22/2020 - 3/29/2020, Every day, Daily Average",552,427,712,"3/1/2020 - 3/8/2020, Every day, Daily Average",772,542,1098
"1277","300 Hayes Street, Civic Center, San Francisco","232","1000 Beech Street, East Palo Alto","3/22/2020 - 3/29/2020, Every day, Daily Average",1852,1659,2067,"3/1/2020 - 3/8/2020, Every day, Daily Average",2218,1761,2793
"1277","300 Hayes Street, Civic Center, San Francisco","234","100 Domestic Terminals Departures Level, San Francisco","3/22/2020 - 3/29/2020, Every day, Daily Average",921,767,1104,"3/1/2020 - 3/8/2020, Every day, Daily Average",1093,877,1361
"1277","300 Hayes Street, Civic Center, San Francisco","264","300 Irwin Street, San Rafael","3/22/2020 - 3/29/2020, Every day, Daily Average",1351,1191,1532,"3/1/2020 - 3/8/2020, Every day, Daily Average",1655,1355,2021
"1277","300 Hayes Street, Civic Center, San Francisco","285","1600 Maritime Street, Oakland","3/22/2020 - 3/29/2020, Every day, Daily Average",653,520,819,"3/1/2020 - 3/8/2020, Every day, Daily Average",897,631,1273
"1277","300 Hayes Street, Civic Center, San Francisco","286","1000 10th Street, West Oakland, Oakland","3/22/2020 - 3/29/2020, Every day, Daily Average",820,681,987,"3/1/2020 - 3/8/2020, Every day, Daily Average",1015,745,1381
"1277","300 Hayes Street, Civic Center, San Francisco","288","14700 Wiley Street, Washington Manor - Bonaire, San Leandro","3/22/2020 - 3/29/2020, Every day, Daily Average",1837,1239,2723,"3/1/2020 - 3/8/2020, Every day, Daily Average",1642,1290,2089
"1277","300 Hayes Street, Civic Center, San Francisco","299","Chinatown / North Beach Campus, Russian Hill, San Francisco","3/22/2020 - 3/29/2020, Every day, Daily Average",439,345,557,"3/1/2020 - 3/8/2020, Every day, Daily Average",629,464,852
"1277","300 Hayes Street, Civic Center, San Francisco","302","0 Bass Court, Bayview, San Francisco","3/22/2020 - 3/29/2020, Every day, Daily Average",717,540,951,"3/1/2020 - 3/8/2020, Every day, Daily Average",1014,719,1428
"1277","300 Hayes Street, Civic Center, San Francisco","303","Bay Trail, Sunnyvale","3/22/2020 - 3/29/2020, Every day, Daily Average",2344,1886,2913,"3/1/2020 - 3/8/2020, Every day, Daily Average",2718,2123,3478
"1277","300 Hayes Street, Civic Center, San Francisco","304","500 Zook Road, Mountain View","3/22/2020 - 3/29/2020, Every day, Daily Average",2158,1923,2420,"3/1/2020 - 3/8/2020, Every day, Daily Average",2591,2070,3242
"1277","300 Hayes Street, Civic Center, San Francisco","306","200 Silverlake Drive, Lakewood, Sunnyvale","3/22/2020 - 3/29/2020, Every day, Daily Average",2283,2069,2518,"3/1/2020 - 3/8/2020, Every day, Daily Average",2749,2196,3440
"1277","300 Hayes Street, Civic Center, San Francisco","311","200 Northgate Avenue, Westlake, Daly City","3/22/2020 - 3/29/2020, Every day, Daily Average",638,514,791,"3/1/2020 - 3/8/2020, Every day, Daily Average",882,631,1232
"1277","300 Hayes Street, Civic Center, San Francisco","314","200 Alta Mesa Drive, Serra Highlands, South San Francisco","3/22/2020 - 3/29/2020, Every day, Daily Average",938,767,1146,"3/1/2020 - 3/8/2020, Every day, Daily Average",1182,859,1625
"1277","300 Hayes Street, Civic Center, San Francisco","315","900 Veterans Boulevard, Redwood City","3/22/2020 - 3/29/2020, Every day, Daily Average",1498,1384,1621,"3/1/2020 - 3/8/2020, Every day, Daily Average",1901,1484,2433
"1277","300 Hayes Street, Civic Center, San Francisco","321","Nimitz Freeway, Downtown Oakland, Oakland","3/22/2020 - 3/29/2020, Every day, Daily Average",920,740,1143,"3/1/2020 - 3/8/2020, Every day, Daily Average",1138,818,1581
"1277","300 Hayes Street, Civic Center, San Francisco","322","300 Warwick Avenue, Adams Point, Oakland","3/22/2020 - 3/29/2020, Every day, Daily Average",852,727,997,"3/1/2020 - 3/8/2020, Every day, Daily Average",1134,824,1559
"1277","300 Hayes Street, Civic Center, San Francisco","323","900 Embarcadero West, West Oakland, Oakland","3/22/2020 - 3/29/2020, Every day, Daily Average",825,725,937,"3/1/2020 - 3/8/2020, Every day, Daily Average",1031,776,1369
"1277","300 Hayes Street, Civic Center, San Francisco","328","5000 Franklin Drive, Pleasanton","3/22/2020 - 3/29/2020, Every day, Daily Average",2122,1961,2295,"3/1/2020 - 3/8/2020, Every day, Daily Average",2454,2024,2974
"1277","300 Hayes Street, Civic Center, San Francisco","338","100 Hinman Road, Redwood City","3/22/2020 - 3/29/2020, Every day, Daily Average",1551,1374,1749,"3/1/2020 - 3/8/2020, Every day, Daily Average",1927,1508,2462
"1277","300 Hayes Street, Civic Center, San Francisco","345","400 Moffett Boulevard, Mountain View","3/22/2020 - 3/29/2020, Every day, Daily Average",2044,1885,2216,"3/1/2020 - 3/8/2020, Every day, Daily Average",2504,2016,3109
"1277","300 Hayes Street, Civic Center, San Francisco","347","900 Sycamore Drive, Midtown, Palo Alto","3/22/2020 - 3/29/2020, Every day, Daily Average",1927,1780,2085,"3/1/2020 - 3/8/2020, Every day, Daily Average",2340,1882,2908
"1277","300 Hayes Street, Civic Center, San Francisco","385","0 Valley View Road, Orinda","3/22/2020 - 3/29/2020, Every day, Daily Average",1174,1069,1288,"3/1/2020 - 3/8/2020, Every day, Daily Average",1549,1184,2026
"1277","300 Hayes Street, Civic Center, San Francisco","387","2100 Manchester Road, San Leandro","3/22/2020 - 3/29/2020, Every day, Daily Average",1567,1461,1680,"3/1/2020 - 3/8/2020, Every day, Daily Average",1838,1476,2287
"1277","300 Hayes Street, Civic Center, San Francisco","388","1700 Doolittle Drive, Davis Tract, San Leandro","3/22/2020 - 3/29/2020, Every day, Daily Average",1563,1127,2167,"3/1/2020 - 3/8/2020, Every day, Daily Average",1569,1210,2034
"1277","300 Hayes Street, Civic Center, San Francisco","389","1000 Burkhart Avenue, Washington Manor - Bonaire, San Leandro","3/22/2020 - 3/29/2020, Every day, Daily Average",1919,1329,2770,"3/1/2020 - 3/8/2020, Every day, Daily Average",1731,1371,2185
"1277","300 Hayes Street, Civic Center, San Francisco","394","3600 Page Street, Friendly Acres, Redwood City","3/22/2020 - 3/29/2020, Every day, Daily Average",1620,1516,1730,"3/1/2020 - 3/8/2020, Every day, Daily Average",1972,1595,2436
"1277","300 Hayes Street, Civic Center, San Francisco","408","1800 Hillside Boulevard, Colma","3/22/2020 - 3/29/2020, Every day, Daily Average",898,797,1010,"3/1/2020 - 3/8/2020, Every day, Daily Average",1278,919,1775
"1277","300 Hayes Street, Civic Center, San Francisco","409","200 Nelson Avenue, Edgemar - Pacific Manor, Pacifica","3/22/2020 - 3/29/2020, Every day, Daily Average",821,767,878,"3/1/2020 - 3/8/2020, Every day, Daily Average",1149,796,1657
"1277","300 Hayes Street, Civic Center, San Francisco","417","4400 Bell Avenue, Eastshore, Richmond","3/22/2020 - 3/29/2020, Every day, Daily Average",1072,881,1303,"3/1/2020 - 3/8/2020, Every day, Daily Average",1581,1114,2243
"1277","300 Hayes Street, Civic Center, San Francisco","423","200 Locust Avenue, San Rafael","3/22/2020 - 3/29/2020, Every day, Daily Average",1410,1287,1543,"3/1/2020 - 3/8/2020, Every day, Daily Average",1737,1426,2115
"1277","300 Hayes Street, Civic Center, San Francisco","433","600 Vanessa Drive, Central San Mateo, San Mateo","3/22/2020 - 3/29/2020, Every day, Daily Average",1209,1081,1350,"3/1/2020 - 3/8/2020, Every day, Daily Average",1589,1205,2094
"1277","300 Hayes Street, Civic Center, San Francisco","434","1300 Franklin Street, Western Addition, San Francisco","3/22/2020 - 3/29/2020, Every day, Daily Average",138,99,191,"3/1/2020 - 3/8/2020, Every day, Daily Average",206,128,330
"1277","300 Hayes Street, Civic Center, San Francisco","443","New Corona Heights Trail, The Castro, San Francisco","3/22/2020 - 3/29/2020, Every day, Daily Average",391,273,559,"3/1/2020 - 3/8/2020, Every day, Daily Average",516,375,709
"1277","300 Hayes Street, Civic Center, San Francisco","445","900 Divisadero Street, Western Addition, San Francisco","3/22/2020 - 3/29/2020, Every day, Daily Average",223,156,317,"3/1/2020 - 3/8/2020, Every day, Daily Average",295,197,440
"1277","300 Hayes Street, Civic Center, San Francisco","447","2600 Alvarado Street, Floresta Gardens - Bradrick, San Leandro","3/22/2020 - 3/29/2020, Every day, Daily Average",1682,1192,2372,"3/1/2020 - 3/8/2020, Every day, Daily Average",1769,1335,2343
"1277","300 Hayes Street, Civic Center, San Francisco","452","1200 Green Street, Russian Hill, San Francisco","3/22/2020 - 3/29/2020, Every day, Daily Average",304,224,411,"3/1/2020 - 3/8/2020, Every day, Daily Average",455,310,667
"1277","300 Hayes Street, Civic Center, San Francisco","457","3100 West Street, Hoover - Foster, Oakland","3/22/2020 - 3/29/2020, Every day, Daily Average",764,636,917,"3/1/2020 - 3/8/2020, Every day, Daily Average",1030,748,1416
"1277","300 Hayes Street, Civic Center, San Francisco","458","900 Webster Street, Downtown Oakland, Oakland","3/22/2020 - 3/29/2020, Every day, Daily Average",894,716,1115,"3/1/2020 - 3/8/2020, Every day, Daily Average",1105,799,1528
"1277","300 Hayes Street, Civic Center, San Francisco","463","2000 Bancroft Way, Downtown Berkeley, Berkeley","3/22/2020 - 3/29/2020, Every day, Daily Average",1172,1054,1302,"3/1/2020 - 3/8/2020, Every day, Daily Average",1585,1199,2094
"1277","300 Hayes Street, Civic Center, San Francisco","464","1600 Fairview Street, South Berkeley, Berkeley","3/22/2020 - 3/29/2020, Every day, Daily Average",1021,879,1184,"3/1/2020 - 3/8/2020, Every day, Daily Average",1248,926,1681
"1277","300 Hayes Street, Civic Center, San Francisco","467","16300 Helo Drive, San Leandro","3/22/2020 - 3/29/2020, Every day, Daily Average",1502,1390,1622,"3/1/2020 - 3/8/2020, Every day, Daily Average",1772,1394,2251
"1277","300 Hayes Street, Civic Center, San Francisco","475","1500 Lacassie Avenue, Walnut Creek","3/22/2020 - 3/29/2020, Every day, Daily Average",1617,1446,1807,"3/1/2020 - 3/8/2020, Every day, Daily Average",1952,1525,2498
"1277","300 Hayes Street, Civic Center, San Francisco","477","0 Tara Road, Northwood - Tara, Orinda","3/22/2020 - 3/29/2020, Every day, Daily Average",1182,1007,1386,"3/1/2020 - 3/8/2020, Every day, Daily Average",1487,1144,1932
"1277","300 Hayes Street, Civic Center, San Francisco","478","100 Eagle Court, Birds, Hercules","3/22/2020 - 3/29/2020, Every day, Daily Average",1363,665,2791,"3/1/2020 - 3/8/2020, Every day, Daily Average",1968,1411,2743
"1277","300 Hayes Street, Civic Center, San Francisco","488","0 Oak Gate Place, Pleasant Hill","3/22/2020 - 3/29/2020, Every day, Daily Average",1625,1517,1740,"3/1/2020 - 3/8/2020, Every day, Daily Average",2053,1629,2586
"1277","300 Hayes Street, Civic Center, San Francisco","495","4200 Shelter Creek Lane, San Bruno","3/22/2020 - 3/29/2020, Every day, Daily Average",883,806,967,"3/1/2020 - 3/8/2020, Every day, Daily Average",1204,947,1530
"1277","300 Hayes Street, Civic Center, San Francisco","528","600 Lexington Way, Oak Grove Manor, Burlingame","3/22/2020 - 3/29/2020, Every day, Daily Average",1050,882,1249,"3/1/2020 - 3/8/2020, Every day, Daily Average",1267,998,1607
"1277","300 Hayes Street, Civic Center, San Francisco","532","200 Beach Street, North Beach, San Francisco","3/22/2020 - 3/29/2020, Every day, Daily Average",565,423,752,"3/1/2020 - 3/8/2020, Every day, Daily Average",742,557,987
"1277","300 Hayes Street, Civic Center, San Francisco","533","1400 Grant Avenue, North Beach, San Francisco","3/22/2020 - 3/29/2020, Every day, Daily Average",506,397,644,"3/1/2020 - 3/8/2020, Every day, Daily Average",693,492,975
"1277","300 Hayes Street, Civic Center, San Francisco","534","200 Walnut Street, Presidio Heights, San Francisco","3/22/2020 - 3/29/2020, Every day, Daily Average",467,277,785,"3/1/2020 - 3/8/2020, Every day, Daily Average",622,466,828
"1277","300 Hayes Street, Civic Center, San Francisco","535","0 Rossi Avenue, Richmond District, San Francisco","3/22/2020 - 3/29/2020, Every day, Daily Average",376,306,461,"3/1/2020 - 3/8/2020, Every day, Daily Average",505,373,683
"1277","300 Hayes Street, Civic Center, San Francisco","536","800 Franklin Street, Fillmore District, San Francisco","3/22/2020 - 3/29/2020, Every day, Daily Average",78,50,119,"3/1/2020 - 3/8/2020, Every day, Daily Average",110,62,192
"1277","300 Hayes Street, Civic Center, San Francisco","537","500 Webster Street, Western Addition, San Francisco","3/22/2020 - 3/29/2020, Every day, Daily Average",66,39,111,"3/1/2020 - 3/8/2020, Every day, Daily Average",95,49,182
"1277","300 Hayes Street, Civic Center, San Francisco","541","200 San Fernando Way, St. Francis, Daly City","3/22/2020 - 3/29/2020, Every day, Daily Average",726,592,889,"3/1/2020 - 3/8/2020, Every day, Daily Average",961,707,1305
"1277","300 Hayes Street, Civic Center, San Francisco","542","2200 Kenry Way, Westborough, South San Francisco","3/22/2020 - 3/29/2020, Every day, Daily Average",1066,745,1525,"3/1/2020 - 3/8/2020, Every day, Daily Average",1190,905,1563
"1277","300 Hayes Street, Civic Center, San Francisco","554","200 2nd Street, Sunnyvale","3/22/2020 - 3/29/2020, Every day, Daily Average",2234,2030,2457,"3/1/2020 - 3/8/2020, Every day, Daily Average",2776,2195,3510
"1277","300 Hayes Street, Civic Center, San Francisco","555","500 Aldo Avenue, Santa Clara","3/22/2020 - 3/29/2020, Every day, Daily Average",2358,2181,2549,"3/1/2020 - 3/8/2020, Every day, Daily Average",2771,2321,3308
"1277","300 Hayes Street, Civic Center, San Francisco","591","2500 10th Avenue, Bella Vista, Oakland","3/22/2020 - 3/29/2020, Every day, Daily Average",943,807,1101,"3/1/2020 - 3/8/2020, Every day, Daily Average",1188,891,1582
"1277","300 Hayes Street, Civic Center, San Francisco","595","200 Ghormley Avenue, Brookfield Village, Oakland","3/22/2020 - 3/29/2020, Every day, Daily Average",1407,1052,1880,"3/1/2020 - 3/8/2020, Every day, Daily Average",1506,1145,1980
"1277","300 Hayes Street, Civic Center, San Francisco","597","1600 Eighth Street, Northwest Berkeley, Berkeley","3/22/2020 - 3/29/2020, Every day, Daily Average",1031,850,1249,"3/1/2020 - 3/8/2020, Every day, Daily Average",1234,989,1538
"1277","300 Hayes Street, Civic Center, San Francisco","602","22000 Cameron Street, Castro Valley","3/22/2020 - 3/29/2020, Every day, Daily Average",1663,1535,1801,"3/1/2020 - 3/8/2020, Every day, Daily Average",1978,1564,2501
"1277","300 Hayes Street, Civic Center, San Francisco","608","700 11th Street, Oakland","3/22/2020 - 3/29/2020, Every day, Daily Average",869,697,1082,"3/1/2020 - 3/8/2020, Every day, Daily Average",1074,774,1488
"1277","300 Hayes Street, Civic Center, San Francisco","609","700 19th Street, West Oakland, Oakland","3/22/2020 - 3/29/2020, Every day, Daily Average",920,746,1133,"3/1/2020 - 3/8/2020, Every day, Daily Average",1174,857,1608
"1277","300 Hayes Street, Civic Center, San Francisco","610","1600 Webster Street, Downtown, Oakland","3/22/2020 - 3/29/2020, Every day, Daily Average",1045,902,1210,"3/1/2020 - 3/8/2020, Every day, Daily Average",1228,984,1531
"1277","300 Hayes Street, Civic Center, San Francisco","624","3300 Beechwood Drive, Stanley, Lafayette","3/22/2020 - 3/29/2020, Every day, Daily Average",1363,1265,1468,"3/1/2020 - 3/8/2020, Every day, Daily Average",1758,1361,2270
"1277","300 Hayes Street, Civic Center, San Francisco","627","800 Marin Road, El Sobrante","3/22/2020 - 3/29/2020, Every day, Daily Average",1296,1130,1486,"3/1/2020 - 3/8/2020, Every day, Daily Average",1886,1316,2702
"1277","300 Hayes Street, Civic Center, San Francisco","628","2300 Santa Clara Street, Richmond Annex, Richmond","3/22/2020 - 3/29/2020, Every day, Daily Average",973,571,1656,"3/1/2020 - 3/8/2020, Every day, Daily Average",1357,968,1901
"1277","300 Hayes Street, Civic Center, San Francisco","629","100 Guerrero Street, Mission Dolores, San Francisco","3/22/2020 - 3/29/2020, Every day, Daily Average",125,71,218,"3/1/2020 - 3/8/2020, Every day, Daily Average",197,114,338
"1277","300 Hayes Street, Civic Center, San Francisco","641","1400 Jackson Street, Nob Hill, San Francisco","3/22/2020 - 3/29/2020, Every day, Daily Average",291,214,394,"3/1/2020 - 3/8/2020, Every day, Daily Average",424,285,630
"1277","300 Hayes Street, Civic Center, San Francisco","642","600 Grant Avenue, Chinatown, San Francisco","3/22/2020 - 3/29/2020, Every day, Daily Average",439,360,534,"3/1/2020 - 3/8/2020, Every day, Daily Average",720,502,1031
"1277","300 Hayes Street, Civic Center, San Francisco","643","200 Myrtle Street, Tenderloin, San Francisco","3/22/2020 - 3/29/2020, Every day, Daily Average",196,121,316,"3/1/2020 - 3/8/2020, Every day, Daily Average",271,160,457
"1277","300 Hayes Street, Civic Center, San Francisco","644","200 Jones Street, Tenderloin, San Francisco","3/22/2020 - 3/29/2020, Every day, Daily Average",315,228,433,"3/1/2020 - 3/8/2020, Every day, Daily Average",433,275,680
"1277","300 Hayes Street, Civic Center, San Francisco","645","1400 Chestnut Street, Marina District, San Francisco","3/22/2020 - 3/29/2020, Every day, Daily Average",292,235,362,"3/1/2020 - 3/8/2020, Every day, Daily Average",410,291,575
"1277","300 Hayes Street, Civic Center, San Francisco","646","500 Clayton Street, Haight-Ashbury, San Francisco","3/22/2020 - 3/29/2020, Every day, Daily Average",297,219,401,"3/1/2020 - 3/8/2020, Every day, Daily Average",406,283,580
"1277","300 Hayes Street, Civic Center, San Francisco","647","800 Ashbury Street, Ashbury Heights, San Francisco","3/22/2020 - 3/29/2020, Every day, Daily Average",377,279,508,"3/1/2020 - 3/8/2020, Every day, Daily Average",535,369,774
"1277","300 Hayes Street, Civic Center, San Francisco","648","3800 19th Street, Dolores Heights, San Francisco","3/22/2020 - 3/29/2020, Every day, Daily Average",404,318,513,"3/1/2020 - 3/8/2020, Every day, Daily Average",494,370,659
"1277","300 Hayes Street, Civic Center, San Francisco","649","1000 Diamond Street, Noe Valley, San Francisco","3/22/2020 - 3/29/2020, Every day, Daily Average",653,501,850,"3/1/2020 - 3/8/2020, Every day, Daily Average",787,615,1006
"1277","300 Hayes Street, Civic Center, San Francisco","650","700 Rhode Island Street, Potrero Hill, San Francisco","3/22/2020 - 3/29/2020, Every day, Daily Average",244,171,346,"3/1/2020 - 3/8/2020, Every day, Daily Average",360,234,553
"1277","300 Hayes Street, Civic Center, San Francisco","651","2900 22nd Street, Mission District, San Francisco","3/22/2020 - 3/29/2020, Every day, Daily Average",415,256,672,"3/1/2020 - 3/8/2020, Every day, Daily Average",543,413,712
"1277","300 Hayes Street, Civic Center, San Francisco","652","300 Hale Street, Excelsior, San Francisco","3/22/2020 - 3/29/2020, Every day, Daily Average",369,283,481,"3/1/2020 - 3/8/2020, Every day, Daily Average",496,347,708
"1277","300 Hayes Street, Civic Center, San Francisco","653","600 Lisbon Street, Excelsior, San Francisco","3/22/2020 - 3/29/2020, Every day, Daily Average",759,660,872,"3/1/2020 - 3/8/2020, Every day, Daily Average",1053,794,1396
"1277","300 Hayes Street, Civic Center, San Francisco","659","200 Staples Avenue, Outer Mission, San Francisco","3/22/2020 - 3/29/2020, Every day, Daily Average",497,399,617,"3/1/2020 - 3/8/2020, Every day, Daily Average",716,506,1012
"1277","300 Hayes Street, Civic Center, San Francisco","660","1900 Lawton Street, Sunset District, San Francisco","3/22/2020 - 3/29/2020, Every day, Daily Average",600,498,722,"3/1/2020 - 3/8/2020, Every day, Daily Average",831,606,1139
"1277","300 Hayes Street, Civic Center, San Francisco","662","1300 46th Avenue, Sunset District, San Francisco","3/22/2020 - 3/29/2020, Every day, Daily Average",718,641,803,"3/1/2020 - 3/8/2020, Every day, Daily Average",931,734,1180
"1277","300 Hayes Street, Civic Center, San Francisco","663","200 21st Avenue, Central Richmond, San Francisco","3/22/2020 - 3/29/2020, Every day, Daily Average",699,631,773,"3/1/2020 - 3/8/2020, Every day, Daily Average",925,719,1188
"1277","300 Hayes Street, Civic Center, San Francisco","664","700 32nd Avenue, Richmond District, San Francisco","3/22/2020 - 3/29/2020, Every day, Daily Average",644,569,728,"3/1/2020 - 3/8/2020, Every day, Daily Average",859,666,1107
"1277","300 Hayes Street, Civic Center, San Francisco","665","0 Brookdale Avenue, Visitacion Valley, San Francisco","3/22/2020 - 3/29/2020, Every day, Daily Average",705,576,861,"3/1/2020 - 3/8/2020, Every day, Daily Average",1138,806,1606
"1277","300 Hayes Street, Civic Center, San Francisco","666","1200 El Camino Del Mar, Sea Cliff, San Francisco","3/22/2020 - 3/29/2020, Every day, Daily Average",858,762,966,"3/1/2020 - 3/8/2020, Every day, Daily Average",1135,901,1428
"1277","300 Hayes Street, Civic Center, San Francisco","675","200 Oriente Street, Bayshore Heights, Daly City","3/22/2020 - 3/29/2020, Every day, Daily Average",1084,586,2004,"3/1/2020 - 3/8/2020, Every day, Daily Average",1037,722,1488
"1277","300 Hayes Street, Civic Center, San Francisco","676","300 Citrus Avenue, Daly City","3/22/2020 - 3/29/2020, Every day, Daily Average",705,568,874,"3/1/2020 - 3/8/2020, Every day, Daily Average",939,668,1319
"1277","300 Hayes Street, Civic Center, San Francisco","677","0 Ridgefield Avenue, St. Francis, Daly City","3/22/2020 - 3/29/2020, Every day, Daily Average",801,684,937,"3/1/2020 - 3/8/2020, Every day, Daily Average",1097,798,1507
"1277","300 Hayes Street, Civic Center, San Francisco","678","2500 Crestmoor Drive, San Bruno","3/22/2020 - 3/29/2020, Every day, Daily Average",998,777,1280,"3/1/2020 - 3/8/2020, Every day, Daily Average",1245,969,1599
"1277","300 Hayes Street, Civic Center, San Francisco","680","700 South Fremont Street, North Central, San Mateo","3/22/2020 - 3/29/2020, Every day, Daily Average",1210,1041,1406,"3/1/2020 - 3/8/2020, Every day, Daily Average",1536,1179,2000
"1277","300 Hayes Street, Civic Center, San Francisco","682","1300 South Norfolk Street, Shoreview, San Mateo","3/22/2020 - 3/29/2020, Every day, Daily Average",1191,1025,1383,"3/1/2020 - 3/8/2020, Every day, Daily Average",1454,1148,1840
"1277","300 Hayes Street, Civic Center, San Francisco","684","1100 Vailwood Way, South San Mateo, San Mateo","3/22/2020 - 3/29/2020, Every day, Daily Average",1347,1205,1504,"3/1/2020 - 3/8/2020, Every day, Daily Average",1704,1314,2209
"1277","300 Hayes Street, Civic Center, San Francisco","741","1600 San Luis Avenue, Rex Manor, Mountain View","3/22/2020 - 3/29/2020, Every day, Daily Average",2007,1852,2174,"3/1/2020 - 3/8/2020, Every day, Daily Average",2449,1970,3044
"1277","300 Hayes Street, Civic Center, San Francisco","805","1400 San Rafael Street, Estudillo Estates - Glen, San Leandro","3/22/2020 - 3/29/2020, Every day, Daily Average",1364,1266,1468,"3/1/2020 - 3/8/2020, Every day, Daily Average",1646,1293,2093
"1277","300 Hayes Street, Civic Center, San Francisco","808","3000 Adeline Street, Clawson, Oakland","3/22/2020 - 3/29/2020, Every day, Daily Average",742,606,908,"3/1/2020 - 3/8/2020, Every day, Daily Average",1002,723,1387
"1277","300 Hayes Street, Civic Center, San Francisco","809","200 Santa Rosa Avenue, Grand Lake, Oakland","3/22/2020 - 3/29/2020, Every day, Daily Average",831,722,955,"3/1/2020 - 3/8/2020, Every day, Daily Average",1119,814,1536
"1277","300 Hayes Street, Civic Center, San Francisco","810","2700 Pleasant Street, School, Oakland","3/22/2020 - 3/29/2020, Every day, Daily Average",1004,868,1161,"3/1/2020 - 3/8/2020, Every day, Daily Average",1268,945,1699
"1277","300 Hayes Street, Civic Center, San Francisco","812","2000 Francisco Street, North Berkeley, Berkeley","3/22/2020 - 3/29/2020, Every day, Daily Average",1202,1072,1347,"3/1/2020 - 3/8/2020, Every day, Daily Average",1640,1282,2097
"1277","300 Hayes Street, Civic Center, San Francisco","813","2500 Parker Street, Elmwood, Berkeley","3/22/2020 - 3/29/2020, Every day, Daily Average",1196,1077,1327,"3/1/2020 - 3/8/2020, Every day, Daily Average",1587,1217,2068
"1277","300 Hayes Street, Civic Center, San Francisco","814","1400 168th Avenue, San Leandro","3/22/2020 - 3/29/2020, Every day, Daily Average",1571,1439,1714,"3/1/2020 - 3/8/2020, Every day, Daily Average",1867,1446,2410
"1277","300 Hayes Street, Civic Center, San Francisco","817","400 Oxford Way, Belmont","3/22/2020 - 3/29/2020, Every day, Daily Average",1373,1198,1573,"3/1/2020 - 3/8/2020, Every day, Daily Average",1708,1330,2193
"1277","300 Hayes Street, Civic Center, San Francisco","818","700 Bay Road, Staumbaugh Heller, Redwood City","3/22/2020 - 3/29/2020, Every day, Daily Average",1572,1447,1707,"3/1/2020 - 3/8/2020, Every day, Daily Average",1976,1554,2511
"1277","300 Hayes Street, Civic Center, San Francisco","843","2400 Channing Way, Southside, Berkeley","3/22/2020 - 3/29/2020, Every day, Daily Average",1294,1145,1462,"3/1/2020 - 3/8/2020, Every day, Daily Average",1661,1270,2170
"1277","300 Hayes Street, Civic Center, San Francisco","858","600 Geneva Avenue, Outer Mission, San Francisco","3/22/2020 - 3/29/2020, Every day, Daily Average",568,436,739,"3/1/2020 - 3/8/2020, Every day, Daily Average",810,567,1155
"1277","300 Hayes Street, Civic Center, San Francisco","859","2200 24th Avenue, Sunset District, San Francisco","3/22/2020 - 3/29/2020, Every day, Daily Average",880,672,1152,"3/1/2020 - 3/8/2020, Every day, Daily Average",1072,816,1406
"1277","300 Hayes Street, Civic Center, San Francisco","860","2300 Cabrillo Street, Richmond District, San Francisco","3/22/2020 - 3/29/2020, Every day, Daily Average",579,508,659,"3/1/2020 - 3/8/2020, Every day, Daily Average",756,581,983
"1277","300 Hayes Street, Civic Center, San Francisco","866","0 Bernard Street, Nob Hill, San Francisco","3/22/2020 - 3/29/2020, Every day, Daily Average",367,267,502,"3/1/2020 - 3/8/2020, Every day, Daily Average",518,357,750
"1277","300 Hayes Street, Civic Center, San Francisco","867","2200 Post Street, Western Addition, San Francisco","3/22/2020 - 3/29/2020, Every day, Daily Average",279,187,415,"3/1/2020 - 3/8/2020, Every day, Daily Average",371,244,563
"1277","300 Hayes Street, Civic Center, San Francisco","868","500 Diamond Street, Noe Valley, San Francisco","3/22/2020 - 3/29/2020, Every day, Daily Average",595,423,835,"3/1/2020 - 3/8/2020, Every day, Daily Average",668,525,849
"1277","300 Hayes Street, Civic Center, San Francisco","886","4400 Telegraph Avenue, Temescal, Oakland","3/22/2020 - 3/29/2020, Every day, Daily Average",828,659,1039,"3/1/2020 - 3/8/2020, Every day, Daily Average",1112,803,1538
"1277","300 Hayes Street, Civic Center, San Francisco","904","400 North Fernwood Circle, Snail, Sunnyvale","3/22/2020 - 3/29/2020, Every day, Daily Average",2294,2115,2487,"3/1/2020 - 3/8/2020, Every day, Daily Average",2717,2208,3342
"1277","300 Hayes Street, Civic Center, San Francisco","905","1000 Pine Street, Lower Nob Hill, San Francisco","3/22/2020 - 3/29/2020, Every day, Daily Average",300,212,423,"3/1/2020 - 3/8/2020, Every day, Daily Average",429,283,649
"1277","300 Hayes Street, Civic Center, San Francisco","906","2700 Octavia Street, Cow Hollow, San Francisco","3/22/2020 - 3/29/2020, Every day, Daily Average",243,190,309,"3/1/2020 - 3/8/2020, Every day, Daily Average",361,246,527
"1277","300 Hayes Street, Civic Center, San Francisco","907","2500 Turk Street, Richmond District, San Francisco","3/22/2020 - 3/29/2020, Every day, Daily Average",335,255,439,"3/1/2020 - 3/8/2020, Every day, Daily Average",431,317,585
"1277","300 Hayes Street, Civic Center, San Francisco","908","1200 18th Street, Potrero Hill, San Francisco","3/22/2020 - 3/29/2020, Every day, Daily Average",363,277,475,"3/1/2020 - 3/8/2020, Every day, Daily Average",643,449,919
"1277","300 Hayes Street, Civic Center, San Francisco","909","1400 40th Avenue, Sunset District, San Francisco","3/22/2020 - 3/29/2020, Every day, Daily Average",686,586,802,"3/1/2020 - 3/8/2020, Every day, Daily Average",897,682,1179
"1277","300 Hayes Street, Civic Center, San Francisco","910","700 La Playa Street, Richmond District, San Francisco","3/22/2020 - 3/29/2020, Every day, Daily Average",735,642,841,"3/1/2020 - 3/8/2020, Every day, Daily Average",948,740,1213
"1277","300 Hayes Street, Civic Center, San Francisco","915","300 Dolores Way, Sunshine Gardens, South San Francisco","3/22/2020 - 3/29/2020, Every day, Daily Average",923,830,1025,"3/1/2020 - 3/8/2020, Every day, Daily Average",1221,971,1535
"1277","300 Hayes Street, Civic Center, San Francisco","927","800 Aspen Way, Palo Verde, Palo Alto","3/22/2020 - 3/29/2020, Every day, Daily Average",1961,1813,2121,"3/1/2020 - 3/8/2020, Every day, Daily Average",2327,1899,2851
"1277","300 Hayes Street, Civic Center, San Francisco","950","Old Sled Trail, Bolinas","3/22/2020 - 3/29/2020, Every day, Daily Average",830,617,1115,"3/1/2020 - 3/8/2020, Every day, Daily Average",1026,808,1301
"1277","300 Hayes Street, Civic Center, San Francisco","954","2900 Willow Road, San Pablo","3/22/2020 - 3/29/2020, Every day, Daily Average",1222,1054,1416,"3/1/2020 - 3/8/2020, Every day, Daily Average",1667,1209,2297
"1277","300 Hayes Street, Civic Center, San Francisco","963","600 Sutter Street, Lower Nob Hill, San Francisco","3/22/2020 - 3/29/2020, Every day, Daily Average",279,186,417,"3/1/2020 - 3/8/2020, Every day, Daily Average",434,286,657
"1277","300 Hayes Street, Civic Center, San Francisco","964","2900 Broderick Street, Cow Hollow, San Francisco","3/22/2020 - 3/29/2020, Every day, Daily Average",404,226,719,"3/1/2020 - 3/8/2020, Every day, Daily Average",584,416,818
"1277","300 Hayes Street, Civic Center, San Francisco","965","200 Topeka Avenue, Silver Terrace, San Francisco","3/22/2020 - 3/29/2020, Every day, Daily Average",651,461,917,"3/1/2020 - 3/8/2020, Every day, Daily Average",794,577,1090
"1277","300 Hayes Street, Civic Center, San Francisco","967","1400 32nd Avenue, Sunset District, San Francisco","3/22/2020 - 3/29/2020, Every day, Daily Average",634,537,747,"3/1/2020 - 3/8/2020, Every day, Daily Average",831,632,1092
"1277","300 Hayes Street, Civic Center, San Francisco","968","3200 Anza Street, Richmond District, San Francisco","3/22/2020 - 3/29/2020, Every day, Daily Average",645,560,741,"3/1/2020 - 3/8/2020, Every day, Daily Average",853,663,1096
"1277","300 Hayes Street, Civic Center, San Francisco","983","4100 Fairlands Drive, Pleasanton","3/22/2020 - 3/29/2020, Every day, Daily Average",2291,2132,2461,"3/1/2020 - 3/8/2020, Every day, Daily Average",2583,2123,3141
"1277","300 Hayes Street, Civic Center, San Francisco","1025","Briones to Mount Diablo Regional Trail, Walnut Creek","3/22/2020 - 3/29/2020, Every day, Daily Average",1448,1335,1570,"3/1/2020 - 3/8/2020, Every day, Daily Average",1839,1442,2343
"1277","300 Hayes Street, Civic Center, San Francisco","1030","5300 Lawton Avenue, Shafter, Oakland","3/22/2020 - 3/29/2020, Every day, Daily Average",862,724,1025,"3/1/2020 - 3/8/2020, Every day, Daily Average",1147,855,1537
"1277","300 Hayes Street, Civic Center, San Francisco","1031","1100 Cambridge Drive, Lafayette","3/22/2020 - 3/29/2020, Every day, Daily Average",1288,1188,1396,"3/1/2020 - 3/8/2020, Every day, Daily Average",1682,1296,2182
"1277","300 Hayes Street, Civic Center, San Francisco","1032","Shore Trail, Lafayette","3/22/2020 - 3/29/2020, Every day, Daily Average",1267,1156,1387,"3/1/2020 - 3/8/2020, Every day, Daily Average",1640,1263,2128
"1277","300 Hayes Street, Civic Center, San Francisco","1036","Wilder Road, Wilder, Orinda","3/22/2020 - 3/29/2020, Every day, Daily Average",1119,955,1310,"3/1/2020 - 3/8/2020, Every day, Daily Average",1425,1090,1862
"1277","300 Hayes Street, Civic Center, San Francisco","1038","Kestrel Loop Trail, Rodeo","3/22/2020 - 3/29/2020, Every day, Daily Average",1639,1410,1905,"3/1/2020 - 3/8/2020, Every day, Daily Average",2129,1514,2993
"1277","300 Hayes Street, Civic Center, San Francisco","1045","100 Pearl Street, Oakland Ave - Harrison St, Oakland","3/22/2020 - 3/29/2020, Every day, Daily Average",847,736,974,"3/1/2020 - 3/8/2020, Every day, Daily Average",1139,874,1483
"1277","300 Hayes Street, Civic Center, San Francisco","1046","300 Grand Avenue, Adams Point, Oakland","3/22/2020 - 3/29/2020, Every day, Daily Average",875,747,1024,"3/1/2020 - 3/8/2020, Every day, Daily Average",1159,837,1603
"1277","300 Hayes Street, Civic Center, San Francisco","1047","1700 Eastshore Boulevard, El Cerrito","3/22/2020 - 3/29/2020, Every day, Daily Average",1036,819,1309,"3/1/2020 - 3/8/2020, Every day, Daily Average",1414,1012,1975
"1277","300 Hayes Street, Civic Center, San Francisco","1048","Upper Fire Trail, Berkeley","3/22/2020 - 3/29/2020, Every day, Daily Average",1042,868,1249,"3/1/2020 - 3/8/2020, Every day, Daily Average",1367,1018,1835
"1277","300 Hayes Street, Civic Center, San Francisco","1050","3700 Towns Court, Pinole","3/22/2020 - 3/29/2020, Every day, Daily Average",1367,863,2163,"3/1/2020 - 3/8/2020, Every day, Daily Average",1923,1374,2690
"1277","300 Hayes Street, Civic Center, San Francisco","1053","500 Haddon Road, Cleveland Heights, Oakland","3/22/2020 - 3/29/2020, Every day, Daily Average",910,782,1058,"3/1/2020 - 3/8/2020, Every day, Daily Average",1173,865,1589
"1277","300 Hayes Street, Civic Center, San Francisco","1056","100 Lakeside Drive, Downtown Oakland, Oakland","3/22/2020 - 3/29/2020, Every day, Daily Average",1049,888,1238,"3/1/2020 - 3/8/2020, Every day, Daily Average",1319,965,1802
"1277","300 Hayes Street, Civic Center, San Francisco","1057","6300 Brookside Avenue, Upper Rockridge, Oakland","3/22/2020 - 3/29/2020, Every day, Daily Average",915,776,1078,"3/1/2020 - 3/8/2020, Every day, Daily Average",1218,913,1624
"1277","300 Hayes Street, Civic Center, San Francisco","1059","900 East 22nd Street, Clinton, Oakland","3/22/2020 - 3/29/2020, Every day, Daily Average",1014,871,1179,"3/1/2020 - 3/8/2020, Every day, Daily Average",1207,1017,1431
"1277","300 Hayes Street, Civic Center, San Francisco","1060","3600 East 8th Street, South Kennedy Tract, Oakland","3/22/2020 - 3/29/2020, Every day, Daily Average",1067,885,1286,"3/1/2020 - 3/8/2020, Every day, Daily Average",1311,954,1800
"1277","300 Hayes Street, Civic Center, San Francisco","1063","800 54th Avenue, Coliseum Industrial, Oakland","3/22/2020 - 3/29/2020, Every day, Daily Average",1142,921,1415,"3/1/2020 - 3/8/2020, Every day, Daily Average",1368,994,1881
"1277","300 Hayes Street, Civic Center, San Francisco","1066","7200 Doolittle Drive, Oakland","3/22/2020 - 3/29/2020, Every day, Daily Average",1306,1047,1628,"3/1/2020 - 3/8/2020, Every day, Daily Average",1559,1159,2096
"1277","300 Hayes Street, Civic Center, San Francisco","1068","1600 Poplar Street, West Oakland, Oakland","3/22/2020 - 3/29/2020, Every day, Daily Average",797,670,947,"3/1/2020 - 3/8/2020, Every day, Daily Average",1020,740,1404
"1277","300 Hayes Street, Civic Center, San Francisco","1069","700 Hillside Avenue, Albany","3/22/2020 - 3/29/2020, Every day, Daily Average",932,765,1135,"3/1/2020 - 3/8/2020, Every day, Daily Average",1291,928,1794
"1277","300 Hayes Street, Civic Center, San Francisco","1072","1700 Chestnut Street, Northwest Berkeley, Berkeley","3/22/2020 - 3/29/2020, Every day, Daily Average",978,871,1098,"3/1/2020 - 3/8/2020, Every day, Daily Average",1287,1018,1625
"1277","300 Hayes Street, Civic Center, San Francisco","1074","2300 Ninth Street, Southwest Berkeley, Berkeley","3/22/2020 - 3/29/2020, Every day, Daily Average",935,807,1082,"3/1/2020 - 3/8/2020, Every day, Daily Average",1222,926,1612
"1277","300 Hayes Street, Civic Center, San Francisco","1080","Pier 2, Emeryville","3/22/2020 - 3/29/2020, Every day, Daily Average",727,581,909,"3/1/2020 - 3/8/2020, Every day, Daily Average",942,676,1310
"1277","300 Hayes Street, Civic Center, San Francisco","1082","2000 Clement Avenue, Alameda","3/22/2020 - 3/29/2020, Every day, Daily Average",1167,1080,1260,"3/1/2020 - 3/8/2020, Every day, Daily Average",1408,1082,1831
"1277","300 Hayes Street, Civic Center, San Francisco","1085","22200 Eden Canyon Road, Castro Valley","3/22/2020 - 3/29/2020, Every day, Daily Average",1782,1646,1928,"3/1/2020 - 3/8/2020, Every day, Daily Average",2088,1678,2597
"1277","300 Hayes Street, Civic Center, San Francisco","1087","900 Dowling Boulevard, Broadmoor, San Leandro","3/22/2020 - 3/29/2020, Every day, Daily Average",1325,1224,1434,"3/1/2020 - 3/8/2020, Every day, Daily Average",1635,1259,2121
"1277","300 Hayes Street, Civic Center, San Francisco","1089","1700 Wayne Avenue, Davis Tract, San Leandro","3/22/2020 - 3/29/2020, Every day, Daily Average",1478,1084,2014,"3/1/2020 - 3/8/2020, Every day, Daily Average",1602,1231,2083
"1277","300 Hayes Street, Civic Center, San Francisco","1090","200 Reva Avenue, Davis Tract, San Leandro","3/22/2020 - 3/29/2020, Every day, Daily Average",1439,1060,1952,"3/1/2020 - 3/8/2020, Every day, Daily Average",1544,1216,1959
"1277","300 Hayes Street, Civic Center, San Francisco","1097","15500 Tracy Street, San Lorenzo","3/22/2020 - 3/29/2020, Every day, Daily Average",1528,1381,1689,"3/1/2020 - 3/8/2020, Every day, Daily Average",1930,1455,2560
"1277","300 Hayes Street, Civic Center, San Francisco","1098","600 Elgin Street, San Lorenzo","3/22/2020 - 3/29/2020, Every day, Daily Average",1483,1356,1620,"3/1/2020 - 3/8/2020, Every day, Daily Average",1802,1376,2359
"1277","300 Hayes Street, Civic Center, San Francisco","1099","30600 Palomares Road, Castro Valley","3/22/2020 - 3/29/2020, Every day, Daily Average",1742,1607,1887,"3/1/2020 - 3/8/2020, Every day, Daily Average",2086,1641,2651
"1277","300 Hayes Street, Civic Center, San Francisco","1119","0 Locust Avenue, Larkspur","3/22/2020 - 3/29/2020, Every day, Daily Average",1264,1100,1451,"3/1/2020 - 3/8/2020, Every day, Daily Average",1561,1265,1925
"1277","300 Hayes Street, Civic Center, San Francisco","1120","0 Spindrift Passage, Corte Madera","3/22/2020 - 3/29/2020, Every day, Daily Average",1248,1022,1522,"3/1/2020 - 3/8/2020, Every day, Daily Average",1458,1191,1784
"1277","300 Hayes Street, Civic Center, San Francisco","1121","300 Ridgewood Avenue, Mill Valley","3/22/2020 - 3/29/2020, Every day, Daily Average",1048,796,1379,"3/1/2020 - 3/8/2020, Every day, Daily Average",1242,1031,1494
"1277","300 Hayes Street, Civic Center, San Francisco","1211","700 Coleman Avenue, Menlo Park","3/22/2020 - 3/29/2020, Every day, Daily Average",1785,1656,1923,"3/1/2020 - 3/8/2020, Every day, Daily Average",2212,1770,2763
"1277","300 Hayes Street, Civic Center, San Francisco","1244","800 Jackson Street, Chinatown, San Francisco","3/22/2020 - 3/29/2020, Every day, Daily Average",430,334,552,"3/1/2020 - 3/8/2020, Every day, Daily Average",704,490,1010
"1277","300 Hayes Street, Civic Center, San Francisco","1245","500 Geary Street, Tenderloin, San Francisco","3/22/2020 - 3/29/2020, Every day, Daily Average",274,200,374,"3/1/2020 - 3/8/2020, Every day, Daily Average",420,278,634
"1277","300 Hayes Street, Civic Center, San Francisco","1246","300 McAllister Street, Civic Center, San Francisco","3/22/2020 - 3/29/2020, Every day, Daily Average",104,51,209,"3/1/2020 - 3/8/2020, Every day, Daily Average",138,63,302
"1277","300 Hayes Street, Civic Center, San Francisco","1247","100 Magnolia Street, Marina District, San Francisco","3/22/2020 - 3/29/2020, Every day, Daily Average",297,228,385,"3/1/2020 - 3/8/2020, Every day, Daily Average",424,293,613
"1277","300 Hayes Street, Civic Center, San Francisco","1257","2400 Octavia Street, Pacific Heights, San Francisco","3/22/2020 - 3/29/2020, Every day, Daily Average",177,131,238,"3/1/2020 - 3/8/2020, Every day, Daily Average",266,170,414
"1277","300 Hayes Street, Civic Center, San Francisco","1258","2600 Broadway, Pacific Heights, San Francisco","3/22/2020 - 3/29/2020, Every day, Daily Average",378,275,519,"3/1/2020 - 3/8/2020, Every day, Daily Average",548,375,798
"1277","300 Hayes Street, Civic Center, San Francisco","1259","2100 Divisadero Street, Pacific Heights, San Francisco","3/22/2020 - 3/29/2020, Every day, Daily Average",385,301,491,"3/1/2020 - 3/8/2020, Every day, Daily Average",521,378,716
"1277","300 Hayes Street, Civic Center, San Francisco","1260","1800 Scott Street, Western Addition, San Francisco","3/22/2020 - 3/29/2020, Every day, Daily Average",323,237,438,"3/1/2020 - 3/8/2020, Every day, Daily Average",452,318,642
"1277","300 Hayes Street, Civic Center, San Francisco","1261","700 Presidio Avenue, Western Addition, San Francisco","3/22/2020 - 3/29/2020, Every day, Daily Average",410,319,525,"3/1/2020 - 3/8/2020, Every day, Daily Average",528,388,717
"1277","300 Hayes Street, Civic Center, San Francisco","1265","0 Stoneybrook Avenue, Excelsior, San Francisco","3/22/2020 - 3/29/2020, Every day, Daily Average",435,309,610,"3/1/2020 - 3/8/2020, Every day, Daily Average",610,433,857
"1277","300 Hayes Street, Civic Center, San Francisco","1271","200 Bacon Street, Excelsior, San Francisco","3/22/2020 - 3/29/2020, Every day, Daily Average",398,303,521,"3/1/2020 - 3/8/2020, Every day, Daily Average",530,373,752
"1277","300 Hayes Street, Civic Center, San Francisco","1272","500 Moscow Street, Excelsior, San Francisco","3/22/2020 - 3/29/2020, Every day, Daily Average",666,592,748,"3/1/2020 - 3/8/2020, Every day, Daily Average",981,748,1286
"1277","300 Hayes Street, Civic Center, San Francisco","1273","200 Naglee Avenue, Outer Mission, San Francisco","3/22/2020 - 3/29/2020, Every day, Daily Average",570,467,694,"3/1/2020 - 3/8/2020, Every day, Daily Average",801,569,1125
"1277","300 Hayes Street, Civic Center, San Francisco","1275","0 McLaren Avenue, Sea Cliff, San Francisco","3/22/2020 - 3/29/2020, Every day, Daily Average",834,637,1091,"3/1/2020 - 3/8/2020, Every day, Daily Average",1006,774,1306
"1277","300 Hayes Street, Civic Center, San Francisco","1276","1100 Golden Gate Avenue, Western Addition, San Francisco","3/22/2020 - 3/29/2020, Every day, Daily Average",171,82,354,"3/1/2020 - 3/8/2020, Every day, Daily Average",192,92,399
"1277","300 Hayes Street, Civic Center, San Francisco","1278","100 Noe Street, The Castro, San Francisco","3/22/2020 - 3/29/2020, Every day, Daily Average",257,182,361,"3/1/2020 - 3/8/2020, Every day, Daily Average",321,221,464
"1277","300 Hayes Street, Civic Center, San Francisco","1279","1100 Folsom Street, South of Market, San Francisco","3/22/2020 - 3/29/2020, Every day, Daily Average",239,141,403,"3/1/2020 - 3/8/2020, Every day, Daily Average",296,183,478
"1277","300 Hayes Street, Civic Center, San Francisco","1280","300 Church Street, Mission District, San Francisco","3/22/2020 - 3/29/2020, Every day, Daily Average",276,194,392,"3/1/2020 - 3/8/2020, Every day, Daily Average",353,245,507
"1277","300 Hayes Street, Civic Center, San Francisco","1281","700 Guerrero Street, Mission Dolores, San Francisco","3/22/2020 - 3/29/2020, Every day, Daily Average",320,238,429,"3/1/2020 - 3/8/2020, Every day, Daily Average",445,327,604
"1277","300 Hayes Street, Civic Center, San Francisco","1282","1600 Church Street, Noe Valley, San Francisco","3/22/2020 - 3/29/2020, Every day, Daily Average",625,473,825,"3/1/2020 - 3/8/2020, Every day, Daily Average",790,612,1019
"1277","300 Hayes Street, Civic Center, San Francisco","1291","1500 Balboa Street, Richmond District, San Francisco","3/22/2020 - 3/29/2020, Every day, Daily Average",544,438,675,"3/1/2020 - 3/8/2020, Every day, Daily Average",723,541,964
"1277","300 Hayes Street, Civic Center, San Francisco","1292","1300 Wright Loop, Presidio, San Francisco","3/22/2020 - 3/29/2020, Every day, Daily Average",629,499,792,"3/1/2020 - 3/8/2020, Every day, Daily Average",823,605,1118
"1277","300 Hayes Street, Civic Center, San Francisco","1293","400 Moraga Street, Sunset District, San Francisco","3/22/2020 - 3/29/2020, Every day, Daily Average",577,481,692,"3/1/2020 - 3/8/2020, Every day, Daily Average",777,573,1051
"1277","300 Hayes Street, Civic Center, San Francisco","1294","600 Panorama Drive, Midtown Terrace, San Francisco","3/22/2020 - 3/29/2020, Every day, Daily Average",672,548,823,"3/1/2020 - 3/8/2020, Every day, Daily Average",926,717,1195
"1277","300 Hayes Street, Civic Center, San Francisco","1295","0 Avoca Alley, West of Twin Peaks, San Francisco","3/22/2020 - 3/29/2020, Every day, Daily Average",655,522,821,"3/1/2020 - 3/8/2020, Every day, Daily Average",1061,790,1424
"1277","300 Hayes Street, Civic Center, San Francisco","1296","1300 22nd Avenue, Sunset District, San Francisco","3/22/2020 - 3/29/2020, Every day, Daily Average",541,453,645,"3/1/2020 - 3/8/2020, Every day, Daily Average",739,544,1003
"1277","300 Hayes Street, Civic Center, San Francisco","1297","100 Font Boulevard, Lakeshore, San Francisco","3/22/2020 - 3/29/2020, Every day, Daily Average",851,669,1082,"3/1/2020 - 3/8/2020, Every day, Daily Average",1172,867,1582
"1277","300 Hayes Street, Civic Center, San Francisco","1298","200 3rd Avenue, Richmond District, San Francisco","3/22/2020 - 3/29/2020, Every day, Daily Average",511,436,598,"3/1/2020 - 3/8/2020, Every day, Daily Average",665,509,868
"1277","300 Hayes Street, Civic Center, San Francisco","1299","8700 Mission Rock Street, South of Market, San Francisco","3/22/2020 - 3/29/2020, Every day, Daily Average",382,279,522,"3/1/2020 - 3/8/2020, Every day, Daily Average",576,398,831
"1277","300 Hayes Street, Civic Center, San Francisco","1300","200 John F Kennedy Drive, Golden Gate Park, San Francisco","3/22/2020 - 3/29/2020, Every day, Daily Average",288,200,413,"3/1/2020 - 3/8/2020, Every day, Daily Average",409,256,652
"1277","300 Hayes Street, Civic Center, San Francisco","1302","Tasman Drive, Santa Clara","3/22/2020 - 3/29/2020, Every day, Daily Average",2347,2119,2598,"3/1/2020 - 3/8/2020, Every day, Daily Average",2892,2297,3640
"1277","300 Hayes Street, Civic Center, San Francisco","1304","2300 Lafayette Street, Santa Clara","3/22/2020 - 3/29/2020, Every day, Daily Average",2488,2214,2795,"3/1/2020 - 3/8/2020, Every day, Daily Average",2960,2389,3666
"1277","300 Hayes Street, Civic Center, San Francisco","1339","700 San Juan Drive, San Miguel, Sunnyvale","3/22/2020 - 3/29/2020, Every day, Daily Average",2376,2184,2584,"3/1/2020 - 3/8/2020, Every day, Daily Average",2942,2293,3773
"1277","300 Hayes Street, Civic Center, San Francisco","1437","200 Knowles Avenue, Daly City","3/22/2020 - 3/29/2020, Every day, Daily Average",660,534,815,"3/1/2020 - 3/8/2020, Every day, Daily Average",950,673,1339
"1277","300 Hayes Street, Civic Center, San Francisco","1438","300 87th Street, St. Francis, Daly City","3/22/2020 - 3/29/2020, Every day, Daily Average",682,545,853,"3/1/2020 - 3/8/2020, Every day, Daily Average",912,664,1250
"1277","300 Hayes Street, Civic Center, San Francisco","1443","100 Serramonte Boulevard, Serramonte, Daly City","3/22/2020 - 3/29/2020, Every day, Daily Average",772,627,949,"3/1/2020 - 3/8/2020, Every day, Daily Average",1027,750,1405
"1277","300 Hayes Street, Civic Center, San Francisco","1446","700 Larch Avenue, Paradise Valley, South San Francisco","3/22/2020 - 3/29/2020, Every day, Daily Average",806,722,898,"3/1/2020 - 3/8/2020, Every day, Daily Average",1072,828,1387
"1277","300 Hayes Street, Civic Center, San Francisco","1448","300 Baden Avenue, Downtown, South San Francisco","3/22/2020 - 3/29/2020, Every day, Daily Average",768,681,865,"3/1/2020 - 3/8/2020, Every day, Daily Average",1052,795,1390
"1277","300 Hayes Street, Civic Center, San Francisco","1449","500 Forbes Boulevard, The East Side, South San Francisco","3/22/2020 - 3/29/2020, Every day, Daily Average",697,542,895,"3/1/2020 - 3/8/2020, Every day, Daily Average",857,663,1106
"1277","300 Hayes Street, Civic Center, San Francisco","1450","0 Brookhaven Court, Fairmont, Pacifica","3/22/2020 - 3/29/2020, Every day, Daily Average",838,737,951,"3/1/2020 - 3/8/2020, Every day, Daily Average",1135,806,1598
"1277","300 Hayes Street, Civic Center, San Francisco","1454","300 East 28th Avenue, South San Mateo, San Mateo","3/22/2020 - 3/29/2020, Every day, Daily Average",1297,1128,1491,"3/1/2020 - 3/8/2020, Every day, Daily Average",1676,1260,2228
"1277","300 Hayes Street, Civic Center, San Francisco","1455","1800 Helene Court, East San Mateo, San Mateo","3/22/2020 - 3/29/2020, Every day, Daily Average",1176,1009,1370,"3/1/2020 - 3/8/2020, Every day, Daily Average",1435,1130,1821
"1277","300 Hayes Street, Civic Center, San Francisco","1457","1500 Donner Avenue, San Bruno","3/22/2020 - 3/29/2020, Every day, Daily Average",946,861,1038,"3/1/2020 - 3/8/2020, Every day, Daily Average",1254,982,1600
"1277","300 Hayes Street, Civic Center, San Francisco","1460","400 Williams Place, Central San Mateo, San Mateo","3/22/2020 - 3/29/2020, Every day, Daily Average",1479,1184,1847,"3/1/2020 - 3/8/2020, Every day, Daily Average",1534,1255,1874
"1277","300 Hayes Street, Civic Center, San Francisco","1461","200 North Fremont Street, Central San Mateo, San Mateo","3/22/2020 - 3/29/2020, Every day, Daily Average",1129,1012,1258,"3/1/2020 - 3/8/2020, Every day, Daily Average",1426,1105,1839
"1277","300 Hayes Street, Civic Center, San Francisco","1464","200 Cupertino Way, South San Mateo, San Mateo","3/22/2020 - 3/29/2020, Every day, Daily Average",1334,1181,1506,"3/1/2020 - 3/8/2020, Every day, Daily Average",1725,1317,2258
"1277","300 Hayes Street, Civic Center, San Francisco","1472","200 Oakhurst Place, Suburban Park - Lorelei Manor - Flood Park Triangle, Menlo Park","3/22/2020 - 3/29/2020, Every day, Daily Average",1708,1593,1830,"3/1/2020 - 3/8/2020, Every day, Daily Average",2130,1727,2626
"1277","300 Hayes Street, Civic Center, San Francisco","1498","1100 Park Avenue, Emeryville","3/22/2020 - 3/29/2020, Every day, Daily Average",763,641,907,"3/1/2020 - 3/8/2020, Every day, Daily Average",1189,827,1708
"1277","300 Hayes Street, Civic Center, San Francisco","1504","5800 Christie Avenue, Emeryville","3/22/2020 - 3/29/2020, Every day, Daily Average",752,635,890,"3/1/2020 - 3/8/2020, Every day, Daily Average",1007,725,1398
"1277","300 Hayes Street, Civic Center, San Francisco","1512","2000 Essex Street, South Berkeley, Berkeley","3/22/2020 - 3/29/2020, Every day, Daily Average",998,872,1141,"3/1/2020 - 3/8/2020, Every day, Daily Average",1455,1049,2016
"1277","300 Hayes Street, Civic Center, San Francisco","1513","Dwight D. Eisenhower Highway, Berkeley","3/22/2020 - 3/29/2020, Every day, Daily Average",840,704,1001,"3/1/2020 - 3/8/2020, Every day, Daily Average",1121,812,1546
"1277","300 Hayes Street, Civic Center, San Francisco","1518","1300 67th Street, Southwest Berkeley, Berkeley","3/22/2020 - 3/29/2020, Every day, Daily Average",924,830,1028,"3/1/2020 - 3/8/2020, Every day, Daily Average",1134,835,1539
"1277","300 Hayes Street, Civic Center, San Francisco","1519","2600 99th Avenue, Toler Heights, Oakland","3/22/2020 - 3/29/2020, Every day, Daily Average",1264,1170,1365,"3/1/2020 - 3/8/2020, Every day, Daily Average",1595,1213,2096
"1277","300 Hayes Street, Civic Center, San Francisco","1528","6400 Gwin Road, Merriewood, Oakland","3/22/2020 - 3/29/2020, Every day, Daily Average",971,824,1143,"3/1/2020 - 3/8/2020, Every day, Daily Average",1267,954,1682
"1277","300 Hayes Street, Civic Center, San Francisco","1534","600 East 8th Street, Downtown Oakland, Oakland","3/22/2020 - 3/29/2020, Every day, Daily Average",984,806,1199,"3/1/2020 - 3/8/2020, Every day, Daily Average",1212,875,1676
"1277","300 Hayes Street, Civic Center, San Francisco","1536","2900 Sheffield Avenue, Reservoir Hills, Oakland","3/22/2020 - 3/29/2020, Every day, Daily Average",980,850,1128,"3/1/2020 - 3/8/2020, Every day, Daily Average",1238,922,1661
"1277","300 Hayes Street, Civic Center, San Francisco","1537","3200 Suter Street, Upper Peralta Creek, Oakland","3/22/2020 - 3/29/2020, Every day, Daily Average",1030,892,1189,"3/1/2020 - 3/8/2020, Every day, Daily Average",1293,967,1728
"1277","300 Hayes Street, Civic Center, San Francisco","1545","1300 Willow Avenue, Hercules","3/22/2020 - 3/29/2020, Every day, Daily Average",1576,1335,1859,"3/1/2020 - 3/8/2020, Every day, Daily Average",2013,1455,2783
"1277","300 Hayes Street, Civic Center, San Francisco","1546","5400 Sobrante Avenue, El Sobrante","3/22/2020 - 3/29/2020, Every day, Daily Average",1349,749,2428,"3/1/2020 - 3/8/2020, Every day, Daily Average",1887,1350,2637
"1277","300 Hayes Street, Civic Center, San Francisco","1547","2600 Brian Road, San Pablo","3/22/2020 - 3/29/2020, Every day, Daily Average",1361,1173,1578,"3/1/2020 - 3/8/2020, Every day, Daily Average",1926,1358,2730
"1277","300 Hayes Street, Civic Center, San Francisco","1559","500 Embarcadero West, Downtown Oakland, Oakland","3/22/2020 - 3/29/2020, Every day, Daily Average",894,719,1111,"3/1/2020 - 3/8/2020, Every day, Daily Average",1098,791,1523
"1277","300 Hayes Street, Civic Center, San Francisco","1570","0 Tehan Canyon Road, Pleasanton","3/22/2020 - 3/29/2020, Every day, Daily Average",1941,1797,2095,"3/1/2020 - 3/8/2020, Every day, Daily Average",2221,1817,2713
"1277","300 Hayes Street, Civic Center, San Francisco","1577","800 West Tower Avenue, Alameda","3/22/2020 - 3/29/2020, Every day, Daily Average",1108,1026,1195,"3/1/2020 - 3/8/2020, Every day, Daily Average",1531,1198,1956
"1277","300 Hayes Street, Civic Center, San Francisco","1608","1100 Studebaker Road, Saranap, Walnut Creek","3/22/2020 - 3/29/2020, Every day, Daily Average",1446,1346,1552,"3/1/2020 - 3/8/2020, Every day, Daily Average",1829,1436,2328
"1277","300 Hayes Street, Civic Center, San Francisco","1629","500 Peru Avenue, Excelsior, San Francisco","3/22/2020 - 3/29/2020, Every day, Daily Average",551,451,673,"3/1/2020 - 3/8/2020, Every day, Daily Average",804,522,1236
"1277","300 Hayes Street, Civic Center, San Francisco","1630","800 Bacon Street, Excelsior, San Francisco","3/22/2020 - 3/29/2020, Every day, Daily Average",491,412,585,"3/1/2020 - 3/8/2020, Every day, Daily Average",793,548,1146
"1277","300 Hayes Street, Civic Center, San Francisco","1639","0 Curtis Street, Crocker-Amazon, San Francisco","3/22/2020 - 3/29/2020, Every day, Daily Average",753,653,867,"3/1/2020 - 3/8/2020, Every day, Daily Average",1092,809,1473
"1277","300 Hayes Street, Civic Center, San Francisco","1646","100 Murray Street, Bernal Heights, San Francisco","3/22/2020 - 3/29/2020, Every day, Daily Average",406,325,506,"3/1/2020 - 3/8/2020, Every day, Daily Average",601,415,870
"1277","300 Hayes Street, Civic Center, San Francisco","1647","500 Brunswick Street, Crocker-Amazon, San Francisco","3/22/2020 - 3/29/2020, Every day, Daily Average",753,639,886,"3/1/2020 - 3/8/2020, Every day, Daily Average",1055,808,1376
"1277","300 Hayes Street, Civic Center, San Francisco","1648","Historic Trail, Inner Sunset, San Francisco","3/22/2020 - 3/29/2020, Every day, Daily Average",481,337,685,"3/1/2020 - 3/8/2020, Every day, Daily Average",654,480,890
"1277","300 Hayes Street, Civic Center, San Francisco","1649","1300 10th Avenue, Inner Sunset, San Francisco","3/22/2020 - 3/29/2020, Every day, Daily Average",428,355,514,"3/1/2020 - 3/8/2020, Every day, Daily Average",595,440,803
"1277","300 Hayes Street, Civic Center, San Francisco","1650","1900 16th Avenue, Inner Sunset, San Francisco","3/22/2020 - 3/29/2020, Every day, Daily Average",689,587,808,"3/1/2020 - 3/8/2020, Every day, Daily Average",946,714,1253
"1277","300 Hayes Street, Civic Center, San Francisco","1651","600 39th Street, North & East, Richmond","3/22/2020 - 3/29/2020, Every day, Daily Average",1102,930,1304,"3/1/2020 - 3/8/2020, Every day, Daily Average",1569,1103,2231
"1277","300 Hayes Street, Civic Center, San Francisco","1655","100 South 35th Street, Pullman, Richmond","3/22/2020 - 3/29/2020, Every day, Daily Average",1049,830,1325,"3/1/2020 - 3/8/2020, Every day, Daily Average",1509,1071,2125
"1277","300 Hayes Street, Civic Center, San Francisco","1674","200 Hyde Street, Tenderloin, San Francisco","3/22/2020 - 3/29/2020, Every day, Daily Average",250,160,389,"3/1/2020 - 3/8/2020, Every day, Daily Average",315,201,493
"1277","300 Hayes Street, Civic Center, San Francisco","1677","200 Funston Road, Marina District, San Francisco","3/22/2020 - 3/29/2020, Every day, Daily Average",401,298,538,"3/1/2020 - 3/8/2020, Every day, Daily Average",561,401,784
"1277","300 Hayes Street, Civic Center, San Francisco","1682","700 Haight Street, Lower Haight, San Francisco","3/22/2020 - 3/29/2020, Every day, Daily Average",244,152,390,"3/1/2020 - 3/8/2020, Every day, Daily Average",325,199,528
"1277","300 Hayes Street, Civic Center, San Francisco","1686","0 The Embarcadero, North Beach, San Francisco","3/22/2020 - 3/29/2020, Every day, Daily Average",600,484,743,"3/1/2020 - 3/8/2020, Every day, Daily Average",878,621,1240
"1277","300 Hayes Street, Civic Center, San Francisco","1687","1400 Powell Street, Russian Hill, San Francisco","3/22/2020 - 3/29/2020, Every day, Daily Average",411,318,529,"3/1/2020 - 3/8/2020, Every day, Daily Average",593,418,839
"1277","300 Hayes Street, Civic Center, San Francisco","1688","1100 Taylor Street, Nob Hill, San Francisco","3/22/2020 - 3/29/2020, Every day, Daily Average",385,303,488,"3/1/2020 - 3/8/2020, Every day, Daily Average",556,378,817
"1277","300 Hayes Street, Civic Center, San Francisco","1689","200 Sutter Street, Financial District, San Francisco","3/22/2020 - 3/29/2020, Every day, Daily Average",434,304,618,"3/1/2020 - 3/8/2020, Every day, Daily Average",622,416,929
"1277","300 Hayes Street, Civic Center, San Francisco","1690","900 Pine Street, Lower Nob Hill, San Francisco","3/22/2020 - 3/29/2020, Every day, Daily Average",351,245,501,"3/1/2020 - 3/8/2020, Every day, Daily Average",493,331,732
"1277","300 Hayes Street, Civic Center, San Francisco","1691","200 O'Farrell Street, Tenderloin, San Francisco","3/22/2020 - 3/29/2020, Every day, Daily Average",340,236,488,"3/1/2020 - 3/8/2020, Every day, Daily Average",457,308,676
"1277","300 Hayes Street, Civic Center, San Francisco","1692","800 Mission Street, South of Market, San Francisco","3/22/2020 - 3/29/2020, Every day, Daily Average",173,99,301,"3/1/2020 - 3/8/2020, Every day, Daily Average",234,130,418
"1277","300 Hayes Street, Civic Center, San Francisco","1694","700 Folsom Street, South of Market, San Francisco","3/22/2020 - 3/29/2020, Every day, Daily Average",397,307,511,"3/1/2020 - 3/8/2020, Every day, Daily Average",612,423,884
"1277","300 Hayes Street, Civic Center, San Francisco","1695","5th Street, Treasure Island, San Francisco","3/22/2020 - 3/29/2020, Every day, Daily Average",459,359,586,"3/1/2020 - 3/8/2020, Every day, Daily Average",689,449,1056
"1277","300 Hayes Street, Civic Center, San Francisco","1696","4700 18th Street, Eureka Valley, San Francisco","3/22/2020 - 3/29/2020, Every day, Daily Average",506,397,643,"3/1/2020 - 3/8/2020, Every day, Daily Average",618,467,817
"1277","300 Hayes Street, Civic Center, San Francisco","1697","400 Burnett Avenue, Twin Peaks, San Francisco","3/22/2020 - 3/29/2020, Every day, Daily Average",581,475,709,"3/1/2020 - 3/8/2020, Every day, Daily Average",763,563,1032
"1277","300 Hayes Street, Civic Center, San Francisco","1698","3500 20th Street, Mission District, San Francisco","3/22/2020 - 3/29/2020, Every day, Daily Average",295,223,389,"3/1/2020 - 3/8/2020, Every day, Daily Average",378,278,513
"1277","300 Hayes Street, Civic Center, San Francisco","1699","900 Sanchez Street, Dolores Heights, San Francisco","3/22/2020 - 3/29/2020, Every day, Daily Average",528,419,664,"3/1/2020 - 3/8/2020, Every day, Daily Average",620,476,807
"1277","300 Hayes Street, Civic Center, San Francisco","1700","3900 25th Street, Noe Valley, San Francisco","3/22/2020 - 3/29/2020, Every day, Daily Average",612,480,779,"3/1/2020 - 3/8/2020, Every day, Daily Average",709,547,917
"1277","300 Hayes Street, Civic Center, San Francisco","1701","600 28th Street, Noe Valley, San Francisco","3/22/2020 - 3/29/2020, Every day, Daily Average",673,597,758,"3/1/2020 - 3/8/2020, Every day, Daily Average",869,697,1082
"1277","300 Hayes Street, Civic Center, San Francisco","1702","100 Randall Street, Glen Park, San Francisco","3/22/2020 - 3/29/2020, Every day, Daily Average",682,549,847,"3/1/2020 - 3/8/2020, Every day, Daily Average",934,708,1231
"1277","300 Hayes Street, Civic Center, San Francisco","1703","2600 21st Street, Mission District, San Francisco","3/22/2020 - 3/29/2020, Every day, Daily Average",256,187,350,"3/1/2020 - 3/8/2020, Every day, Daily Average",371,245,560
"1277","300 Hayes Street, Civic Center, San Francisco","1704","2900 24th Street, Mission District, San Francisco","3/22/2020 - 3/29/2020, Every day, Daily Average",378,279,511,"3/1/2020 - 3/8/2020, Every day, Daily Average",554,392,781
"1277","300 Hayes Street, Civic Center, San Francisco","1705","0 Conkling Street, Silver Terrace, San Francisco","3/22/2020 - 3/29/2020, Every day, Daily Average",529,390,717,"3/1/2020 - 3/8/2020, Every day, Daily Average",774,538,1111
"1277","300 Hayes Street, Civic Center, San Francisco","1706","700 Bernal Heights Boulevard, Bernal Heights, San Francisco","3/22/2020 - 3/29/2020, Every day, Daily Average",474,338,664,"3/1/2020 - 3/8/2020, Every day, Daily Average",644,466,888
"1277","300 Hayes Street, Civic Center, San Francisco","1707","100 Appleton Avenue, Bernal Heights, San Francisco","3/22/2020 - 3/29/2020, Every day, Daily Average",575,468,705,"3/1/2020 - 3/8/2020, Every day, Daily Average",906,663,1238
"1277","300 Hayes Street, Civic Center, San Francisco","1710","100 Morningside Drive, Lakeshore, San Francisco","3/22/2020 - 3/29/2020, Every day, Daily Average",1275,1001,1622,"3/1/2020 - 3/8/2020, Every day, Daily Average",1377,1076,1760
"1277","300 Hayes Street, Civic Center, San Francisco","1718","300 Arballo Drive, Lakeshore, San Francisco","3/22/2020 - 3/29/2020, Every day, Daily Average",912,725,1145,"3/1/2020 - 3/8/2020, Every day, Daily Average",1274,964,1682
"1277","300 Hayes Street, Civic Center, San Francisco","1720","2200 47th Avenue, Sunset District, San Francisco","3/22/2020 - 3/29/2020, Every day, Daily Average",1018,883,1173,"3/1/2020 - 3/8/2020, Every day, Daily Average",1329,1064,1659
"1277","300 Hayes Street, Civic Center, San Francisco","1721","Bayfront Expressway, Menlo Park","3/22/2020 - 3/29/2020, Every day, Daily Average",1693,1525,1878,"3/1/2020 - 3/8/2020, Every day, Daily Average",2115,1663,2689
"1277","300 Hayes Street, Civic Center, San Francisco","1722","200 9th Avenue, Richmond District, San Francisco","3/22/2020 - 3/29/2020, Every day, Daily Average",587,514,670,"3/1/2020 - 3/8/2020, Every day, Daily Average",769,572,1032
"1277","300 Hayes Street, Civic Center, San Francisco","1724","2200 Euclid Avenue, East Palo Alto","3/22/2020 - 3/29/2020, Every day, Daily Average",1775,1603,1964,"3/1/2020 - 3/8/2020, Every day, Daily Average",2172,1719,2744
"1277","300 Hayes Street, Civic Center, San Francisco","1728","800 Easton Avenue, San Bruno","3/22/2020 - 3/29/2020, Every day, Daily Average",1020,811,1281,"3/1/2020 - 3/8/2020, Every day, Daily Average",1376,1023,1850
"1277","300 Hayes Street, Civic Center, San Francisco","1729","1500 Adrian Road, Ingold - Milldale, Burlingame","3/22/2020 - 3/29/2020, Every day, Daily Average",986,757,1282,"3/1/2020 - 3/8/2020, Every day, Daily Average",1194,934,1525
"1277","300 Hayes Street, Civic Center, San Francisco","1730","0 Park Lane, Brisbane","3/22/2020 - 3/29/2020, Every day, Daily Average",553,431,708,"3/1/2020 - 3/8/2020, Every day, Daily Average",701,520,943
"1277","300 Hayes Street, Civic Center, San Francisco","1731","0 Orange Court, Hillside, Daly City","3/22/2020 - 3/29/2020, Every day, Daily Average",905,765,1069,"3/1/2020 - 3/8/2020, Every day, Daily Average",1298,972,1732
"1277","300 Hayes Street, Civic Center, San Francisco","1732","0 Longview Drive, Westlake, Daly City","3/22/2020 - 3/29/2020, Every day, Daily Average",835,691,1007,"3/1/2020 - 3/8/2020, Every day, Daily Average",1115,796,1561
"1277","300 Hayes Street, Civic Center, San Francisco","1739","0 Reiner Street, Daly City","3/22/2020 - 3/29/2020, Every day, Daily Average",745,560,990,"3/1/2020 - 3/8/2020, Every day, Daily Average",997,706,1407
"1277","300 Hayes Street, Civic Center, San Francisco","1740","800 Campus Drive, Serramonte, Daly City","3/22/2020 - 3/29/2020, Every day, Daily Average",802,696,923,"3/1/2020 - 3/8/2020, Every day, Daily Average",1059,769,1457
"1277","300 Hayes Street, Civic Center, San Francisco","1741","200 Morton Drive, Serramonte, Daly City","3/22/2020 - 3/29/2020, Every day, Daily Average",910,804,1028,"3/1/2020 - 3/8/2020, Every day, Daily Average",1220,937,1587
"1277","300 Hayes Street, Civic Center, San Francisco","1743","600 San Bruno Avenue East, San Bruno","3/22/2020 - 3/29/2020, Every day, Daily Average",821,691,974,"3/1/2020 - 3/8/2020, Every day, Daily Average",987,781,1245
"1277","300 Hayes Street, Civic Center, San Francisco","1744","1200 Helen Drive, Millbrae","3/22/2020 - 3/29/2020, Every day, Daily Average",986,918,1058,"3/1/2020 - 3/8/2020, Every day, Daily Average",1322,1054,1657
"1277","300 Hayes Street, Civic Center, San Francisco","1745","Ed Taylor Trail, Burlingame Hills, Burlingame","3/22/2020 - 3/29/2020, Every day, Daily Average",1120,932,1345,"3/1/2020 - 3/8/2020, Every day, Daily Average",1424,1140,1777
"1277","300 Hayes Street, Civic Center, San Francisco","1746","600 North Delaware Street, Central San Mateo, San Mateo","3/22/2020 - 3/29/2020, Every day, Daily Average",1159,942,1424,"3/1/2020 - 3/8/2020, Every day, Daily Average",1386,1078,1781
"1277","300 Hayes Street, Civic Center, San Francisco","1747","1700 Coyote Point Drive, Shoreview, San Mateo","3/22/2020 - 3/29/2020, Every day, Daily Average",1115,943,1317,"3/1/2020 - 3/8/2020, Every day, Daily Average",1353,1067,1714
"1277","300 Hayes Street, Civic Center, San Francisco","1755","3000 Los Prados Street, East San Mateo, San Mateo","3/22/2020 - 3/29/2020, Every day, Daily Average",1281,1116,1470,"3/1/2020 - 3/8/2020, Every day, Daily Average",1601,1245,2058
"1277","300 Hayes Street, Civic Center, San Francisco","1764","300 26th Avenue, Central Richmond, San Francisco","3/22/2020 - 3/29/2020, Every day, Daily Average",750,655,857,"3/1/2020 - 3/8/2020, Every day, Daily Average",983,763,1265
"1277","300 Hayes Street, Civic Center, San Francisco","1768","800 Balboa Street, Richmond District, San Francisco","3/22/2020 - 3/29/2020, Every day, Daily Average",469,367,598,"3/1/2020 - 3/8/2020, Every day, Daily Average",622,464,833
"1277","300 Hayes Street, Civic Center, San Francisco","1770","1800 32nd Avenue, Sunset District, San Francisco","3/22/2020 - 3/29/2020, Every day, Daily Average",805,691,936,"3/1/2020 - 3/8/2020, Every day, Daily Average",1013,778,1318
"1277","300 Hayes Street, Civic Center, San Francisco","1771","0 Lopez Avenue, West of Twin Peaks, San Francisco","3/22/2020 - 3/29/2020, Every day, Daily Average",765,594,984,"3/1/2020 - 3/8/2020, Every day, Daily Average",1030,772,1373
"1277","300 Hayes Street, Civic Center, San Francisco","1772","0 Rockaway Avenue, West of Twin Peaks, San Francisco","3/22/2020 - 3/29/2020, Every day, Daily Average",743,665,829,"3/1/2020 - 3/8/2020, Every day, Daily Average",1068,836,1362
"1277","300 Hayes Street, Civic Center, San Francisco","1773","0 Majestic Avenue, Ingleside, San Francisco","3/22/2020 - 3/29/2020, Every day, Daily Average",522,438,620,"3/1/2020 - 3/8/2020, Every day, Daily Average",747,531,1049
"1277","300 Hayes Street, Civic Center, San Francisco","1774","200 Byxbee Street, Oceanview, San Francisco","3/22/2020 - 3/29/2020, Every day, Daily Average",846,737,970,"3/1/2020 - 3/8/2020, Every day, Daily Average",1158,852,1573
"1277","300 Hayes Street, Civic Center, San Francisco","1775","100 Farallones Street, Oceanview, San Francisco","3/22/2020 - 3/29/2020, Every day, Daily Average",570,442,733,"3/1/2020 - 3/8/2020, Every day, Daily Average",802,577,1114
"1277","300 Hayes Street, Civic Center, San Francisco","1776","1800 25th Avenue, Sunset District, San Francisco","3/22/2020 - 3/29/2020, Every day, Daily Average",744,602,918,"3/1/2020 - 3/8/2020, Every day, Daily Average",966,735,1268
"1277","300 Hayes Street, Civic Center, San Francisco","1777","7100 Geary Boulevard, Richmond District, San Francisco","3/22/2020 - 3/29/2020, Every day, Daily Average",686,592,794,"3/1/2020 - 3/8/2020, Every day, Daily Average",899,699,1155
"1277","300 Hayes Street, Civic Center, San Francisco","1778","7700 Geary Boulevard, Richmond District, San Francisco","3/22/2020 - 3/29/2020, Every day, Daily Average",799,720,885,"3/1/2020 - 3/8/2020, Every day, Daily Average",1027,807,1306
"1277","300 Hayes Street, Civic Center, San Francisco","1779","500 John Muir Drive, Lakeshore, San Francisco","3/22/2020 - 3/29/2020, Every day, Daily Average",849,661,1088,"3/1/2020 - 3/8/2020, Every day, Daily Average",1240,905,1697
"1277","300 Hayes Street, Civic Center, San Francisco","1780","1600 McKinnon Avenue, Bayview, San Francisco","3/22/2020 - 3/29/2020, Every day, Daily Average",567,449,714,"3/1/2020 - 3/8/2020, Every day, Daily Average",803,581,1109
"1277","300 Hayes Street, Civic Center, San Francisco","1781","1100 Carolina Street, Potrero Hill, San Francisco","3/22/2020 - 3/29/2020, Every day, Daily Average",294,210,410,"3/1/2020 - 3/8/2020, Every day, Daily Average",414,277,618
"1277","300 Hayes Street, Civic Center, San Francisco","1783","1500 Mansell Street, Visitacion Valley, San Francisco","3/22/2020 - 3/29/2020, Every day, Daily Average",589,486,712,"3/1/2020 - 3/8/2020, Every day, Daily Average",903,621,1312
"1277","300 Hayes Street, Civic Center, San Francisco","1831","1100 East Arques Avenue, Sunnyvale","3/22/2020 - 3/29/2020, Every day, Daily Average",2383,2170,2616,"3/1/2020 - 3/8/2020, Every day, Daily Average",2919,2305,3696
"1277","300 Hayes Street, Civic Center, San Francisco","1833","500 Logue Avenue, Mountain View","3/22/2020 - 3/29/2020, Every day, Daily Average",2099,1933,2278,"3/1/2020 - 3/8/2020, Every day, Daily Average",2665,2075,3422
"1277","300 Hayes Street, Civic Center, San Francisco","1851","100 Primrose Way, Duveneck - St. Francis, Palo Alto","3/22/2020 - 3/29/2020, Every day, Daily Average",1876,1750,2010,"3/1/2020 - 3/8/2020, Every day, Daily Average",2170,1824,2581
"1277","300 Hayes Street, Civic Center, San Francisco","1944","700 Girard Street, Visitacion Valley, San Francisco","3/22/2020 - 3/29/2020, Every day, Daily Average",431,320,578,"3/1/2020 - 3/8/2020, Every day, Daily Average",568,403,800
"1277","300 Hayes Street, Civic Center, San Francisco","1951","400 Delta Street, Visitacion Valley, San Francisco","3/22/2020 - 3/29/2020, Every day, Daily Average",601,511,705,"3/1/2020 - 3/8/2020, Every day, Daily Average",925,655,1304
"1277","300 Hayes Street, Civic Center, San Francisco","2022","200 Clearview Drive, Vallejo","3/22/2020 - 3/29/2020, Every day, Daily Average",1558,633,3830,"3/1/2020 - 3/8/2020, Every day, Daily Average",2094,1640,2672
"1277","300 Hayes Street, Civic Center, San Francisco","2023","0 Midway Street, Vallejo","3/22/2020 - 3/29/2020, Every day, Daily Average",1688,1013,2812,"3/1/2020 - 3/8/2020, Every day, Daily Average",2193,1713,2806
"1277","300 Hayes Street, Civic Center, San Francisco","2121","2900 Kerner Boulevard, San Rafael","3/22/2020 - 3/29/2020, Every day, Daily Average",1308,1185,1443,"3/1/2020 - 3/8/2020, Every day, Daily Average",1725,1330,2236
"1277","300 Hayes Street, Civic Center, San Francisco","2127","0 Hamilton Drive, Mill Valley","3/22/2020 - 3/29/2020, Every day, Daily Average",1117,910,1370,"3/1/2020 - 3/8/2020, Every day, Daily Average",1299,1083,1557
"1277","300 Hayes Street, Civic Center, San Francisco","2132","300 Vista Grande, Greenbrae, Kentfield","3/22/2020 - 3/29/2020, Every day, Daily Average",1267,1154,1389,"3/1/2020 - 3/8/2020, Every day, Daily Average",1600,1306,1959
"1277","300 Hayes Street, Civic Center, San Francisco","2133","600 Manzanita Avenue, Corte Madera","3/22/2020 - 3/29/2020, Every day, Daily Average",1257,1028,1535,"3/1/2020 - 3/8/2020, Every day, Daily Average",1461,1192,1790
"1277","300 Hayes Street, Civic Center, San Francisco","2136","300 Carrera Drive, Mill Valley","3/22/2020 - 3/29/2020, Every day, Daily Average",1027,813,1297,"3/1/2020 - 3/8/2020, Every day, Daily Average",1206,1005,1446
"1277","300 Hayes Street, Civic Center, San Francisco","2137","0 West Harbor Drive, Sausalito","3/22/2020 - 3/29/2020, Every day, Daily Average",987,819,1189,"3/1/2020 - 3/8/2020, Every day, Daily Average",1151,953,1389
"1277","300 Hayes Street, Civic Center, San Francisco","2155","3100 North Shoreline Boulevard, Mountain View","3/22/2020 - 3/29/2020, Every day, Daily Average",1932,1731,2155,"3/1/2020 - 3/8/2020, Every day, Daily Average",2358,1846,3010
"1277","300 Hayes Street, Civic Center, San Francisco","2169","1000 Liege Terrace, Morse Park, Sunnyvale","3/22/2020 - 3/29/2020, Every day, Daily Average",2224,2008,2463,"3/1/2020 - 3/8/2020, Every day, Daily Average",2771,2169,3539
"1277","300 Hayes Street, Civic Center, San Francisco","2170","2500 Junction Avenue, North San Jose, San Jose","3/22/2020 - 3/29/2020, Every day, Daily Average",2755,2058,3687,"3/1/2020 - 3/8/2020, Every day, Daily Average",2978,2384,3718
"1277","300 Hayes Street, Civic Center, San Francisco","2171","1400 Airport Boulevard, North San Jose, San Jose","3/22/2020 - 3/29/2020, Every day, Daily Average",2757,2086,3642,"3/1/2020 - 3/8/2020, Every day, Daily Average",2952,2430,3584
"1277","300 Hayes Street, Civic Center, San Francisco","2187","4200 Middle Harbor Road, Oakland","3/22/2020 - 3/29/2020, Every day, Daily Average",750,646,870,"3/1/2020 - 3/8/2020, Every day, Daily Average",955,699,1304
"1277","300 Hayes Street, Civic Center, San Francisco","2213","800 40th Street, Longfellow, Oakland","3/22/2020 - 3/29/2020, Every day, Daily Average",778,651,928,"3/1/2020 - 3/8/2020, Every day, Daily Average",1088,779,1517
"1277","300 Hayes Street, Civic Center, San Francisco","2215","1500 East 31st Street, Tuxedo, Oakland","3/22/2020 - 3/29/2020, Every day, Daily Average",958,823,1114,"3/1/2020 - 3/8/2020, Every day, Daily Average",1213,898,1637
"1277","300 Hayes Street, Civic Center, San Francisco","2218","5300 Underwood Avenue, Mills College, Oakland","3/22/2020 - 3/29/2020, Every day, Daily Average",1083,989,1185,"3/1/2020 - 3/8/2020, Every day, Daily Average",1389,1041,1852
"1277","300 Hayes Street, Civic Center, San Francisco","2231","100 Garden Lane, Millbrae","3/22/2020 - 3/29/2020, Every day, Daily Average",933,786,1106,"3/1/2020 - 3/8/2020, Every day, Daily Average",1135,890,1447
"1277","300 Hayes Street, Civic Center, San Francisco","2244","0 Crystal Springs Terrace, Hillsborough Park, Hillsborough","3/22/2020 - 3/29/2020, Every day, Daily Average",1258,1149,1376,"3/1/2020 - 3/8/2020, Every day, Daily Average",1628,1312,2020
"1277","300 Hayes Street, Civic Center, San Francisco","2247","J. Arthur Younger Freeway, Foster City","3/22/2020 - 3/29/2020, Every day, Daily Average",1374,1220,1546,"3/1/2020 - 3/8/2020, Every day, Daily Average",1770,1389,2254
"1277","300 Hayes Street, Civic Center, San Francisco","2281","0 Corte Palos Verdes, Tiburon, Belvedere Tiburon","3/22/2020 - 3/29/2020, Every day, Daily Average",1149,832,1584,"3/1/2020 - 3/8/2020, Every day, Daily Average",1361,1133,1633
"1277","300 Hayes Street, Civic Center, San Francisco","2308","300 Fremont Street, South of Market, San Francisco","3/22/2020 - 3/29/2020, Every day, Daily Average",372,261,528,"3/1/2020 - 3/8/2020, Every day, Daily Average",611,387,962
"1277","300 Hayes Street, Civic Center, San Francisco","2311","2700 Larkin Street, Russian Hill, San Francisco","3/22/2020 - 3/29/2020, Every day, Daily Average",376,287,491,"3/1/2020 - 3/8/2020, Every day, Daily Average",541,380,770
"1277","300 Hayes Street, Civic Center, San Francisco","2312","2100 Webster Street, Pacific Heights, San Francisco","3/22/2020 - 3/29/2020, Every day, Daily Average",309,239,398,"3/1/2020 - 3/8/2020, Every day, Daily Average",489,328,726
"1277","300 Hayes Street, Civic Center, San Francisco","2313","1300 Webster Street, Western Addition, San Francisco","3/22/2020 - 3/29/2020, Every day, Daily Average",266,159,443,"3/1/2020 - 3/8/2020, Every day, Daily Average",315,203,487
"1277","300 Hayes Street, Civic Center, San Francisco","2314","300 Waller Street, Western Addition, San Francisco","3/22/2020 - 3/29/2020, Every day, Daily Average",203,132,311,"3/1/2020 - 3/8/2020, Every day, Daily Average",233,151,359
"1277","300 Hayes Street, Civic Center, San Francisco","2315","0 Duboce Avenue, South of Market, San Francisco","3/22/2020 - 3/29/2020, Every day, Daily Average",132,82,211,"3/1/2020 - 3/8/2020, Every day, Daily Average",191,113,321
"1277","300 Hayes Street, Civic Center, San Francisco","2316","2800 Folsom Street, Mission District, San Francisco","3/22/2020 - 3/29/2020, Every day, Daily Average",426,318,569,"3/1/2020 - 3/8/2020, Every day, Daily Average",593,433,811
"1277","300 Hayes Street, Civic Center, San Francisco","2317","100 Coleridge Street, Bernal Heights, San Francisco","3/22/2020 - 3/29/2020, Every day, Daily Average",584,442,771,"3/1/2020 - 3/8/2020, Every day, Daily Average",749,565,991
"1277","300 Hayes Street, Civic Center, San Francisco","2318","100 Santa Rosa Avenue, Outer Mission, San Francisco","3/22/2020 - 3/29/2020, Every day, Daily Average",463,373,573,"3/1/2020 - 3/8/2020, Every day, Daily Average",676,469,973
"1277","300 Hayes Street, Civic Center, San Francisco","2319","300 Lisbon Street, Excelsior, San Francisco","3/22/2020 - 3/29/2020, Every day, Daily Average",628,517,761,"3/1/2020 - 3/8/2020, Every day, Daily Average",880,657,1177
"1277","300 Hayes Street, Civic Center, San Francisco","2320","300 Argonaut Avenue, Visitacion Valley, San Francisco","3/22/2020 - 3/29/2020, Every day, Daily Average",677,550,833,"3/1/2020 - 3/8/2020, Every day, Daily Average",1107,779,1572
"1277","300 Hayes Street, Civic Center, San Francisco","2321","400 Irving Street, Inner Sunset, San Francisco","3/22/2020 - 3/29/2020, Every day, Daily Average",409,320,522,"3/1/2020 - 3/8/2020, Every day, Daily Average",567,405,792
"1277","300 Hayes Street, Civic Center, San Francisco","2322","100 Eastwood Drive, West of Twin Peaks, San Francisco","3/22/2020 - 3/29/2020, Every day, Daily Average",636,518,779,"3/1/2020 - 3/8/2020, Every day, Daily Average",918,660,1276
"1277","300 Hayes Street, Civic Center, San Francisco","2323","2600 40th Avenue, Sunset District, San Francisco","3/22/2020 - 3/29/2020, Every day, Daily Average",1054,892,1244,"3/1/2020 - 3/8/2020, Every day, Daily Average",1252,958,1634
"1277","300 Hayes Street, Civic Center, San Francisco","2330","0 Peoria Street, Crocker, Daly City","3/22/2020 - 3/29/2020, Every day, Daily Average",774,574,1041,"3/1/2020 - 3/8/2020, Every day, Daily Average",1102,839,1446
"1277","300 Hayes Street, Civic Center, San Francisco","2332","2700 Adeline Street, South Berkeley, Berkeley","3/22/2020 - 3/29/2020, Every day, Daily Average",1114,993,1249,"3/1/2020 - 3/8/2020, Every day, Daily Average",1523,1107,2093
"1277","300 Hayes Street, Civic Center, San Francisco","2340","0 Mason Street, Tenderloin, San Francisco","3/22/2020 - 3/29/2020, Every day, Daily Average",373,245,566,"3/1/2020 - 3/8/2020, Every day, Daily Average",464,296,726
"1277","300 Hayes Street, Civic Center, San Francisco","2343","West Point Road, Bayview, San Francisco","3/22/2020 - 3/29/2020, Every day, Daily Average",677,557,822,"3/1/2020 - 3/8/2020, Every day, Daily Average",965,708,1313
"1277","300 Hayes Street, Civic Center, San Francisco","2344","600 3rd Avenue, Richmond District, San Francisco","3/22/2020 - 3/29/2020, Every day, Daily Average",423,346,516,"3/1/2020 - 3/8/2020, Every day, Daily Average",562,421,749
"1277","300 Hayes Street, Civic Center, San Francisco","2347","1500 3rd Avenue, East Lake, Oakland","3/22/2020 - 3/29/2020, Every day, Daily Average",1089,982,1206,"3/1/2020 - 3/8/2020, Every day, Daily Average",1514,1073,2134
"1277","300 Hayes Street, Civic Center, San Francisco","2348","7700 Sunkist Drive, Eastmont Hills, Oakland","3/22/2020 - 3/29/2020, Every day, Daily Average",1150,1047,1262,"3/1/2020 - 3/8/2020, Every day, Daily Average",1476,1101,1977
"1277","300 Hayes Street, Civic Center, San Francisco","2349","1600 Ward Street, South Berkeley, Berkeley","3/22/2020 - 3/29/2020, Every day, Daily Average",1056,899,1239,"3/1/2020 - 3/8/2020, Every day, Daily Average",1300,946,1785
"1277","300 Hayes Street, Civic Center, San Francisco","2367","0 Los Norrabos, El Toyonal, Orinda","3/22/2020 - 3/29/2020, Every day, Daily Average",1082,931,1257,"3/1/2020 - 3/8/2020, Every day, Daily Average",1391,1055,1832
"1277","300 Hayes Street, Civic Center, San Francisco","2409","4300 Hacienda Drive, Pleasanton","3/22/2020 - 3/29/2020, Every day, Daily Average",2191,2030,2364,"3/1/2020 - 3/8/2020, Every day, Daily Average",2511,2073,3041
"1277","300 Hayes Street, Civic Center, San Francisco","2423","21800 Tanglewood Drive, Castro Valley","3/22/2020 - 3/29/2020, Every day, Daily Average",1604,1479,1738,"3/1/2020 - 3/8/2020, Every day, Daily Average",1928,1519,2446
"1277","300 Hayes Street, Civic Center, San Francisco","2437","3200 38th Avenue, Allendale, Oakland","3/22/2020 - 3/29/2020, Every day, Daily Average",1036,937,1145,"3/1/2020 - 3/8/2020, Every day, Daily Average",1330,995,1777
"1277","300 Hayes Street, Civic Center, San Francisco","2441","100 Octavia Street, Western Addition, San Francisco","3/22/2020 - 3/29/2020, Every day, Daily Average",61,24,151,"3/1/2020 - 3/8/2020, Every day, Daily Average",97,42,223
"1277","300 Hayes Street, Civic Center, San Francisco","2442","2800 Mission Street, Mission District, San Francisco","3/22/2020 - 3/29/2020, Every day, Daily Average",420,310,567,"3/1/2020 - 3/8/2020, Every day, Daily Average",526,396,696
"1277","300 Hayes Street, Civic Center, San Francisco","2443","500 22nd Street, Potrero Hill, San Francisco","3/22/2020 - 3/29/2020, Every day, Daily Average",456,346,599,"3/1/2020 - 3/8/2020, Every day, Daily Average",719,505,1022
"1277","300 Hayes Street, Civic Center, San Francisco","2451","700 Westlake Center, Westlake, Daly City","3/22/2020 - 3/29/2020, Every day, Daily Average",661,512,853,"3/1/2020 - 3/8/2020, Every day, Daily Average",906,644,1274
"1277","300 Hayes Street, Civic Center, San Francisco","2452","400 Verducci Drive, Serramonte, Daly City","3/22/2020 - 3/29/2020, Every day, Daily Average",909,676,1221,"3/1/2020 - 3/8/2020, Every day, Daily Average",1118,836,1493
"1277","300 Hayes Street, Civic Center, San Francisco","2453","0 Orange Court, Country Club Manor, Hillsborough","3/22/2020 - 3/29/2020, Every day, Daily Average",1189,1035,1365,"3/1/2020 - 3/8/2020, Every day, Daily Average",1539,1233,1920
"1277","300 Hayes Street, Civic Center, San Francisco","2460","1300 Montgomery Street, North Beach, San Francisco","3/22/2020 - 3/29/2020, Every day, Daily Average",540,441,659,"3/1/2020 - 3/8/2020, Every day, Daily Average",769,550,1073
"1277","300 Hayes Street, Civic Center, San Francisco","2463","200 Moncada Way, Oceanview, San Francisco","3/22/2020 - 3/29/2020, Every day, Daily Average",845,639,1115,"3/1/2020 - 3/8/2020, Every day, Daily Average",1202,906,1594
"1277","300 Hayes Street, Civic Center, San Francisco","2464","1700 47th Avenue, Sunset District, San Francisco","3/22/2020 - 3/29/2020, Every day, Daily Average",820,750,895,"3/1/2020 - 3/8/2020, Every day, Daily Average",1090,851,1395
"1277","300 Hayes Street, Civic Center, San Francisco","2465","Diamond Cove Terrace, Bayview, San Francisco","3/22/2020 - 3/29/2020, Every day, Daily Average",472,354,628,"3/1/2020 - 3/8/2020, Every day, Daily Average",609,438,845
"1277","300 Hayes Street, Civic Center, San Francisco","2466","400 Amador Street, Bayview, San Francisco","3/22/2020 - 3/29/2020, Every day, Daily Average",434,320,587,"3/1/2020 - 3/8/2020, Every day, Daily Average",632,428,931
"1277","300 Hayes Street, Civic Center, San Francisco","2485","0 Jolie Lane, Walnut Creek","3/22/2020 - 3/29/2020, Every day, Daily Average",1531,1428,1641,"3/1/2020 - 3/8/2020, Every day, Daily Average",1981,1552,2528
"1277","300 Hayes Street, Civic Center, San Francisco","2495","100 Shrader Street, San Francisco","3/22/2020 - 3/29/2020, Every day, Daily Average",223,166,298,"3/1/2020 - 3/8/2020, Every day, Daily Average",315,216,459
"1277","300 Hayes Street, Civic Center, San Francisco","2496","100 Diamond Street, The Castro, San Francisco","3/22/2020 - 3/29/2020, Every day, Daily Average",423,327,547,"3/1/2020 - 3/8/2020, Every day, Daily Average",515,388,683
"1277","300 Hayes Street, Civic Center, San Francisco","2497","600 Tompkins Avenue, Bernal Heights, San Francisco","3/22/2020 - 3/29/2020, Every day, Daily Average",367,293,458,"3/1/2020 - 3/8/2020, Every day, Daily Average",533,369,768
"1277","300 Hayes Street, Civic Center, San Francisco","2498","700 Rolph Street, Crocker-Amazon, San Francisco","3/22/2020 - 3/29/2020, Every day, Daily Average",809,709,922,"3/1/2020 - 3/8/2020, Every day, Daily Average",1158,861,1555
"1277","300 Hayes Street, Civic Center, San Francisco","2499","400 Faxon Avenue, Ingleside, San Francisco","3/22/2020 - 3/29/2020, Every day, Daily Average",636,517,782,"3/1/2020 - 3/8/2020, Every day, Daily Average",899,639,1264
"1277","300 Hayes Street, Civic Center, San Francisco","2502","Old Guadalupe Trail, Daly City","3/22/2020 - 3/29/2020, Every day, Daily Average",904,762,1071,"3/1/2020 - 3/8/2020, Every day, Daily Average",1213,895,1643
"1277","300 Hayes Street, Civic Center, San Francisco","2503","3700 Callan Boulevard, Westborough, South San Francisco","3/22/2020 - 3/29/2020, Every day, Daily Average",1036,752,1426,"3/1/2020 - 3/8/2020, Every day, Daily Average",1194,903,1577
"1277","300 Hayes Street, Civic Center, San Francisco","2505","1000 Commodore Drive, San Bruno","3/22/2020 - 3/29/2020, Every day, Daily Average",904,726,1124,"3/1/2020 - 3/8/2020, Every day, Daily Average",1198,902,1591
"1277","300 Hayes Street, Civic Center, San Francisco","2513","300 O' Connor Street, The Willows, Menlo Park","3/22/2020 - 3/29/2020, Every day, Daily Average",1816,1643,2006,"3/1/2020 - 3/8/2020, Every day, Daily Average",2211,1754,2786
"1277","300 Hayes Street, Civic Center, San Francisco","2520","3200 Shawn Way, Hayward","3/22/2020 - 3/29/2020, Every day, Daily Average",1733,1583,1896,"3/1/2020 - 3/8/2020, Every day, Daily Average",2003,1600,2506
"1277","300 Hayes Street, Civic Center, San Francisco","2525","1200 Elko Drive, Sunnyvale","3/22/2020 - 3/29/2020, Every day, Daily Average",2238,2052,2440,"3/1/2020 - 3/8/2020, Every day, Daily Average",2820,2242,3546
"1277","300 Hayes Street, Civic Center, San Francisco","2530","3200 Blandon Road, Oak Knoll Golf Links, Oakland","3/22/2020 - 3/29/2020, Every day, Daily Average",1209,1112,1313,"3/1/2020 - 3/8/2020, Every day, Daily Average",1527,1160,2009
"1277","300 Hayes Street, Civic Center, San Francisco","2540","400 Duperu Drive, Crockett","3/22/2020 - 3/29/2020, Every day, Daily Average",1523,749,3094,"3/1/2020 - 3/8/2020, Every day, Daily Average",2019,1584,2573
"1277","300 Hayes Street, Civic Center, San Francisco","2554","0 Oliver Lane, Mill Valley","3/22/2020 - 3/29/2020, Every day, Daily Average",1163,946,1428,"3/1/2020 - 3/8/2020, Every day, Daily Average",1272,1070,1512
"1277","300 Hayes Street, Civic Center, San Francisco","2582","1200 Manzanita Drive, Millbrae","3/22/2020 - 3/29/2020, Every day, Daily Average",1032,962,1106,"3/1/2020 - 3/8/2020, Every day, Daily Average",1390,1115,1732
"1277","300 Hayes Street, Civic Center, San Francisco","2593","5500 Stoneridge Mall Road, Pleasanton","3/22/2020 - 3/29/2020, Every day, Daily Average",2113,1944,2295,"3/1/2020 - 3/8/2020, Every day, Daily Average",2365,1970,2838
"1277","300 Hayes Street, Civic Center, San Francisco","2597","3000 Telegraph Avenue, Pill Hill, Oakland","3/22/2020 - 3/29/2020, Every day, Daily Average",817,678,983,"3/1/2020 - 3/8/2020, Every day, Daily Average",1101,799,1516
"1277","300 Hayes Street, Civic Center, San Francisco","2601","800 Cole Street, Ashbury Heights, San Francisco","3/22/2020 - 3/29/2020, Every day, Daily Average",421,324,546,"3/1/2020 - 3/8/2020, Every day, Daily Average",581,410,822
"1277","300 Hayes Street, Civic Center, San Francisco","2603","11200 Kerrigan Drive, Chabot Park, Oakland","3/22/2020 - 3/29/2020, Every day, Daily Average",1294,1197,1398,"3/1/2020 - 3/8/2020, Every day, Daily Average",1617,1247,2095
"1277","300 Hayes Street, Civic Center, San Francisco","2605","0 Cable Roadway, Sausalito","3/22/2020 - 3/29/2020, Every day, Daily Average",876,623,1231,"3/1/2020 - 3/8/2020, Every day, Daily Average",1067,869,1309
"1277","300 Hayes Street, Civic Center, San Francisco","2606","2100 Beach Street, Marina District, San Francisco","3/22/2020 - 3/29/2020, Every day, Daily Average",514,421,627,"3/1/2020 - 3/8/2020, Every day, Daily Average",688,512,922
"1277","300 Hayes Street, Civic Center, San Francisco","2611","2000 Evergreen Avenue, Assumption Parish, San Leandro","3/22/2020 - 3/29/2020, Every day, Daily Average",1414,1309,1527,"3/1/2020 - 3/8/2020, Every day, Daily Average",1736,1332,2261
"1277","300 Hayes Street, Civic Center, San Francisco","2613","1700 Eisenhower Street, Shoreview, San Mateo","3/22/2020 - 3/29/2020, Every day, Daily Average",1224,1062,1410,"3/1/2020 - 3/8/2020, Every day, Daily Average",1505,1184,1911
"1277","300 Hayes Street, Civic Center, San Francisco","2620","2200 McGee Avenue, Central Berkeley, Berkeley","3/22/2020 - 3/29/2020, Every day, Daily Average",1120,976,1284,"3/1/2020 - 3/8/2020, Every day, Daily Average",1387,1083,1775
"1277","300 Hayes Street, Civic Center, San Francisco","2622","300 Langton Street, South of Market, San Francisco","3/22/2020 - 3/29/2020, Every day, Daily Average",265,175,399,"3/1/2020 - 3/8/2020, Every day, Daily Average",379,242,592
"1277","300 Hayes Street, Civic Center, San Francisco","2624","1300 16th Avenue, Inner Sunset, San Francisco","3/22/2020 - 3/29/2020, Every day, Daily Average",462,385,553,"3/1/2020 - 3/8/2020, Every day, Daily Average",638,470,865
"1277","300 Hayes Street, Civic Center, San Francisco","2625","400 Alpha Street, Visitacion Valley, San Francisco","3/22/2020 - 3/29/2020, Every day, Daily Average",599,423,847,"3/1/2020 - 3/8/2020, Every day, Daily Average",771,562,1057
"1277","300 Hayes Street, Civic Center, San Francisco","2629","Cochrane Street, Bayview, San Francisco","3/22/2020 - 3/29/2020, Every day, Daily Average",712,621,815,"3/1/2020 - 3/8/2020, Every day, Daily Average",1045,806,1353
"1277","300 Hayes Street, Civic Center, San Francisco","2634","Dwight D. Eisenhower Highway, Albany","3/22/2020 - 3/29/2020, Every day, Daily Average",903,746,1091,"3/1/2020 - 3/8/2020, Every day, Daily Average",1261,902,1762
"1277","300 Hayes Street, Civic Center, San Francisco","2643","1300 Egbert Avenue, Bayview, San Francisco","3/22/2020 - 3/29/2020, Every day, Daily Average",648,520,807,"3/1/2020 - 3/8/2020, Every day, Daily Average",913,653,1276
"1277","300 Hayes Street, Civic Center, San Francisco","2660","0 Burgess Court, Sausalito","3/22/2020 - 3/29/2020, Every day, Daily Average",975,741,1281,"3/1/2020 - 3/8/2020, Every day, Daily Average",1134,950,1353
"1277","300 Hayes Street, Civic Center, San Francisco","2673","100 Rutledge Street, Bernal Heights, San Francisco","3/22/2020 - 3/29/2020, Every day, Daily Average",329,251,431,"3/1/2020 - 3/8/2020, Every day, Daily Average",454,315,654
"1277","300 Hayes Street, Civic Center, San Francisco","2694","1900 Buchanan Street, Western Addition, San Francisco","3/22/2020 - 3/29/2020, Every day, Daily Average",241,170,340,"3/1/2020 - 3/8/2020, Every day, Daily Average",346,218,546
"1277","300 Hayes Street, Civic Center, San Francisco","2695","2200 Rivera Street, Sunset District, San Francisco","3/22/2020 - 3/29/2020, Every day, Daily Average",854,733,994,"3/1/2020 - 3/8/2020, Every day, Daily Average",1164,882,1536
"1277","300 Hayes Street, Civic Center, San Francisco","2700","300 Ponderosa Road, Avalon, South San Francisco","3/22/2020 - 3/29/2020, Every day, Daily Average",1061,808,1392,"3/1/2020 - 3/8/2020, Every day, Daily Average",1211,895,1636
"1277","300 Hayes Street, Civic Center, San Francisco","2708","200 Westview Drive, Sunshine Gardens, South San Francisco","3/22/2020 - 3/29/2020, Every day, Daily Average",1012,923,1109,"3/1/2020 - 3/8/2020, Every day, Daily Average",1290,1038,1603